Variable,Value,AXIAL [m]
q_CO2_AD,5.233169,0
q_CO2_AD,5.2107043,0.005
q_CO2_AD,5.187704,0.01
q_CO2_AD,5.1617084,0.015
q_CO2_AD,5.1363797,0.02
q_CO2_AD,5.1092467,0.025
q_CO2_AD,5.0832686,0.03
q_CO2_AD,5.055093,0.035
q_CO2_AD,5.0279784,0.04
q_CO2_AD,4.998547,0.045
q_CO2_AD,4.9702463,0.05
q_CO2_AD,4.939584,0.055
q_CO2_AD,4.9101624,0.06
q_CO2_AD,4.8783665,0.065
q_CO2_AD,4.8479047,0.07
q_CO2_AD,4.815067,0.075
q_CO2_AD,4.7836604,0.08
q_CO2_AD,4.749883,0.085
q_CO2_AD,4.717624,0.09
q_CO2_AD,4.683015,0.095
q_CO2_AD,4.6500006,0.1
q_CO2_AD,4.614657,0.105
q_CO2_AD,4.580975,0.11
q_CO2_AD,4.5449944,0.115
q_CO2_AD,4.510734,0.12
q_CO2_AD,4.474213,0.125
q_CO2_AD,4.4394608,0.13
q_CO2_AD,4.4024925,0.135
q_CO2_AD,4.3673315,0.14
q_CO2_AD,4.330007,0.145
q_CO2_AD,4.2945194,0.15
q_CO2_AD,4.2569265,0.155
q_CO2_AD,4.2211895,0.16
q_CO2_AD,4.1834145,0.165
q_CO2_AD,4.1475034,0.17
q_CO2_AD,4.109627,0.175
q_CO2_AD,4.0736113,0.18
q_CO2_AD,4.0357103,0.185
q_CO2_AD,3.9996562,0.19
q_CO2_AD,3.9618015,0.195
q_CO2_AD,3.9257689,0.2
q_CO2_AD,3.888027,0.205
q_CO2_AD,3.8520691,0.21
q_CO2_AD,3.8144987,0.215
q_CO2_AD,3.7786644,0.22
q_CO2_AD,3.7413192,0.225
q_CO2_AD,3.7056491,0.23
q_CO2_AD,3.6685755,0.235
q_CO2_AD,3.6331062,0.24
q_CO2_AD,3.5963447,0.245
q_CO2_AD,3.561105,0.25
q_CO2_AD,3.5246897,0.255
q_CO2_AD,3.4897041,0.26
q_CO2_AD,3.4536636,0.265
q_CO2_AD,3.418949,0.27
q_CO2_AD,3.3833048,0.275
q_CO2_AD,3.3488755,0.28
q_CO2_AD,3.3136454,0.285
q_CO2_AD,3.2795076,0.29
q_CO2_AD,3.244702,0.295
q_CO2_AD,3.21086,0.3
q_CO2_AD,3.1764874,0.305
q_CO2_AD,3.142938,0.31
q_CO2_AD,3.1089988,0.315
q_CO2_AD,3.0757372,0.32
q_CO2_AD,3.042233,0.325
q_CO2_AD,3.009249,0.33
q_CO2_AD,2.9761724,0.335
q_CO2_AD,2.943452,0.34
q_CO2_AD,2.9108002,0.345
q_CO2_AD,2.8783283,0.35
q_CO2_AD,2.8460922,0.355
q_CO2_AD,2.8138433,0.36
q_CO2_AD,2.7820184,0.365
q_CO2_AD,2.7499716,0.37
q_CO2_AD,2.718558,0.375
q_CO2_AD,2.6866777,0.38
q_CO2_AD,2.655675,0.385
q_CO2_AD,2.6239247,0.39
q_CO2_AD,2.5933528,0.395
q_CO2_AD,2.5616927,0.4
q_CO2_AD,2.5315742,0.405
q_CO2_AD,2.4999452,0.41
q_CO2_AD,2.4703174,0.415
q_CO2_AD,2.4386663,0.42
q_CO2_AD,2.4096036,0.425
q_CO2_AD,2.3778765,0.43
q_CO2_AD,2.3494644,0.435
q_CO2_AD,2.3175793,0.44
q_CO2_AD,2.289928,0.445
q_CO2_AD,2.2578137,0.45
q_CO2_AD,2.2311144,0.455
q_CO2_AD,2.1987321,0.46
q_CO2_AD,2.1733053,0.465
q_CO2_AD,2.1407526,0.47
q_CO2_AD,2.1172915,0.475
q_CO2_AD,2.0851243,0.48
q_CO2_AD,2.0648427,0.485
q_CO2_AD,2.0352564,0.49
q_CO2_AD,2.0167816,0.495
q_CO2_AD,2.0147402,0.5
q_CO2_BD,3.294867,0
q_CO2_BD,3.2935178,0.005
q_CO2_BD,3.2887075,0.01
q_CO2_BD,3.2842667,0.015
q_CO2_BD,3.278422,0.02
q_CO2_BD,3.2728024,0.025
q_CO2_BD,3.266383,0.03
q_CO2_BD,3.2599192,0.035
q_CO2_BD,3.2529569,0.04
q_CO2_BD,3.2458417,0.045
q_CO2_BD,3.238272,0.05
q_CO2_BD,3.2304807,0.055
q_CO2_BD,3.2224073,0.06
q_CO2_BD,3.214105,0.065
q_CO2_BD,3.205498,0.07
q_CO2_BD,3.1966484,0.075
q_CO2_BD,3.1875448,0.08
q_CO2_BD,3.1781769,0.085
q_CO2_BD,3.168582,0.09
q_CO2_BD,3.1587589,0.095
q_CO2_BD,3.1487226,0.1
q_CO2_BD,3.1384432,0.105
q_CO2_BD,3.1279569,0.11
q_CO2_BD,3.1172369,0.115
q_CO2_BD,3.1063244,0.12
q_CO2_BD,3.095187,0.125
q_CO2_BD,3.0838642,0.13
q_CO2_BD,3.0723238,0.135
q_CO2_BD,3.0606048,0.14
q_CO2_BD,3.0486772,0.145
q_CO2_BD,3.0365765,0.15
q_CO2_BD,3.0242763,0.155
q_CO2_BD,3.0118089,0.16
q_CO2_BD,2.999153,0.165
q_CO2_BD,2.9863348,0.17
q_CO2_BD,2.97334,0.175
q_CO2_BD,2.9601886,0.18
q_CO2_BD,2.9468722,0.185
q_CO2_BD,2.9334037,0.19
q_CO2_BD,2.919783,0.195
q_CO2_BD,2.9060163,0.2
q_CO2_BD,2.8921118,0.205
q_CO2_BD,2.8780656,0.21
q_CO2_BD,2.8638952,0.215
q_CO2_BD,2.849589,0.22
q_CO2_BD,2.8351738,0.225
q_CO2_BD,2.820628,0.23
q_CO2_BD,2.8059886,0.235
q_CO2_BD,2.7912238,0.24
q_CO2_BD,2.7763808,0.245
q_CO2_BD,2.7614176,0.25
q_CO2_BD,2.7463925,0.255
q_CO2_BD,2.7312524,0.26
q_CO2_BD,2.7160664,0.265
q_CO2_BD,2.700769,0.27
q_CO2_BD,2.685442,0.275
q_CO2_BD,2.6700091,0.28
q_CO2_BD,2.654562,0.285
q_CO2_BD,2.6390116,0.29
q_CO2_BD,2.6234622,0.295
q_CO2_BD,2.607814,0.3
q_CO2_BD,2.5921822,0.305
q_CO2_BD,2.5764527,0.31
q_CO2_BD,2.5607536,0.315
q_CO2_BD,2.5449595,0.32
q_CO2_BD,2.5292106,0.325
q_CO2_BD,2.5133665,0.33
q_CO2_BD,2.49758,0.335
q_CO2_BD,2.4816985,0.34
q_CO2_BD,2.4658892,0.345
q_CO2_BD,2.449984,0.35
q_CO2_BD,2.4341629,0.355
q_CO2_BD,2.418243,0.36
q_CO2_BD,2.4024208,0.365
q_CO2_BD,2.3864992,0.37
q_CO2_BD,2.3706887,0.375
q_CO2_BD,2.354775,0.38
q_CO2_BD,2.338985,0.385
q_CO2_BD,2.323092,0.39
q_CO2_BD,2.3073397,0.395
q_CO2_BD,2.2914877,0.4
q_CO2_BD,2.2757928,0.405
q_CO2_BD,2.2600026,0.41
q_CO2_BD,2.2443912,0.415
q_CO2_BD,2.2287016,0.42
q_CO2_BD,2.2132246,0.425
q_CO2_BD,2.1977003,0.43
q_CO2_BD,2.1824338,0.435
q_CO2_BD,2.1671724,0.44
q_CO2_BD,2.152238,0.445
q_CO2_BD,2.1373982,0.45
q_CO2_BD,2.1229947,0.455
q_CO2_BD,2.108836,0.46
q_CO2_BD,2.0953007,0.465
q_CO2_BD,2.082286,0.47
q_CO2_BD,2.070203,0.475
q_CO2_BD,2.0590396,0.48
q_CO2_BD,2.0492575,0.485
q_CO2_BD,2.041136,0.49
q_CO2_BD,2.0354764,0.495
q_CO2_BD,2.0326343,0.5
q_CO2_CD,4.457639,0
q_CO2_CD,4.456185,0.005
q_CO2_CD,4.451743,0.01
q_CO2_CD,4.4455185,0.015
q_CO2_CD,4.438265,0.02
q_CO2_CD,4.4301643,0.025
q_CO2_CD,4.421478,0.03
q_CO2_CD,4.4120774,0.035
q_CO2_CD,4.402167,0.04
q_CO2_CD,4.391607,0.045
q_CO2_CD,4.38053,0.05
q_CO2_CD,4.368843,0.055
q_CO2_CD,4.3567066,0.06
q_CO2_CD,4.3439913,0.065
q_CO2_CD,4.330832,0.07
q_CO2_CD,4.317116,0.075
q_CO2_CD,4.302988,0.08
q_CO2_CD,4.288316,0.085
q_CO2_CD,4.2732544,0.09
q_CO2_CD,4.257677,0.095
q_CO2_CD,4.2417264,0.1
q_CO2_CD,4.2252674,0.105
q_CO2_CD,4.208448,0.11
q_CO2_CD,4.191136,0.115
q_CO2_CD,4.173478,0.12
q_CO2_CD,4.155341,0.125
q_CO2_CD,4.1368704,0.13
q_CO2_CD,4.1179333,0.135
q_CO2_CD,4.0986743,0.14
q_CO2_CD,4.078963,0.145
q_CO2_CD,4.0589404,0.15
q_CO2_CD,4.03848,0.155
q_CO2_CD,4.017721,0.16
q_CO2_CD,3.9965389,0.165
q_CO2_CD,3.9750717,0.17
q_CO2_CD,3.9531982,0.175
q_CO2_CD,3.931053,0.18
q_CO2_CD,3.9085193,0.185
q_CO2_CD,3.8857281,0.19
q_CO2_CD,3.8625684,0.195
q_CO2_CD,3.8391664,0.2
q_CO2_CD,3.815417,0.205
q_CO2_CD,3.7914414,0.21
q_CO2_CD,3.7671406,0.215
q_CO2_CD,3.7426307,0.22
q_CO2_CD,3.7178197,0.225
q_CO2_CD,3.6928167,0.23
q_CO2_CD,3.6675377,0.235
q_CO2_CD,3.6420848,0.24
q_CO2_CD,3.6163816,0.245
q_CO2_CD,3.5905228,0.25
q_CO2_CD,3.5644405,0.255
q_CO2_CD,3.5382206,0.26
q_CO2_CD,3.5118043,0.265
q_CO2_CD,3.485268,0.27
q_CO2_CD,3.4585626,0.275
q_CO2_CD,3.4317553,0.28
q_CO2_CD,3.4048052,0.285
q_CO2_CD,3.37777,0.29
q_CO2_CD,3.350618,0.295
q_CO2_CD,3.323397,0.3
q_CO2_CD,3.296085,0.305
q_CO2_CD,3.268718,0.31
q_CO2_CD,3.2412846,0.315
q_CO2_CD,3.2138095,0.32
q_CO2_CD,3.186292,0.325
q_CO2_CD,3.1587436,0.33
q_CO2_CD,3.1311755,0.335
q_CO2_CD,3.1035855,0.34
q_CO2_CD,3.075998,0.345
q_CO2_CD,3.048396,0.35
q_CO2_CD,3.0208178,0.355
q_CO2_CD,2.9932294,0.36
q_CO2_CD,2.9656863,0.365
q_CO2_CD,2.9381363,0.37
q_CO2_CD,2.9106543,0.375
q_CO2_CD,2.8831656,0.38
q_CO2_CD,2.8557682,0.385
q_CO2_CD,2.8283656,0.39
q_CO2_CD,2.801082,0.395
q_CO2_CD,2.7737956,0.4
q_CO2_CD,2.7466607,0.405
q_CO2_CD,2.7195296,0.41
q_CO2_CD,2.6925936,0.415
q_CO2_CD,2.6656797,0.42
q_CO2_CD,2.639022,0.425
q_CO2_CD,2.6124253,0.43
q_CO2_CD,2.5861757,0.435
q_CO2_CD,2.5600617,0.44
q_CO2_CD,2.5344346,0.445
q_CO2_CD,2.5090778,0.45
q_CO2_CD,2.4844263,0.455
q_CO2_CD,2.4602795,0.46
q_CO2_CD,2.4371898,0.465
q_CO2_CD,2.4150138,0.47
q_CO2_CD,2.3944514,0.475
q_CO2_CD,2.3754625,0.48
q_CO2_CD,2.3589392,0.485
q_CO2_CD,2.3451912,0.49
q_CO2_CD,2.335578,0.495
q_CO2_CD,2.332049,0.5
q_CO2_FP,0.8493603,0
q_CO2_FP,0.8369172,0.005
q_CO2_FP,0.7912478,0.01
q_CO2_FP,0.7307309,0.015
q_CO2_FP,0.67607963,0.02
q_CO2_FP,0.6456429,0.025
q_CO2_FP,0.62679887,0.03
q_CO2_FP,0.61612517,0.035
q_CO2_FP,0.6077575,0.04
q_CO2_FP,0.60286766,0.045
q_CO2_FP,0.59832317,0.05
q_CO2_FP,0.59554476,0.055
q_CO2_FP,0.59268653,0.06
q_CO2_FP,0.59092444,0.065
q_CO2_FP,0.58885276,0.07
q_CO2_FP,0.5875414,0.075
q_CO2_FP,0.585931,0.08
q_CO2_FP,0.5848745,0.085
q_CO2_FP,0.58355224,0.09
q_CO2_FP,0.58271414,0.095
q_CO2_FP,0.581633,0.1
q_CO2_FP,0.580932,0.105
q_CO2_FP,0.58000505,0.11
q_CO2_FP,0.57940704,0.115
q_CO2_FP,0.5786125,0.12
q_CO2_FP,0.57810646,0.125
q_CO2_FP,0.57742304,0.13
q_CO2_FP,0.57699364,0.135
q_CO2_FP,0.57640404,0.14
q_CO2_FP,0.5760422,0.145
q_CO2_FP,0.5755349,0.15
q_CO2_FP,0.5752326,0.155
q_CO2_FP,0.57479894,0.16
q_CO2_FP,0.57455313,0.165
q_CO2_FP,0.57418776,0.17
q_CO2_FP,0.5739965,0.175
q_CO2_FP,0.5736968,0.18
q_CO2_FP,0.5735577,0.185
q_CO2_FP,0.57331944,0.19
q_CO2_FP,0.5732319,0.195
q_CO2_FP,0.57305485,0.2
q_CO2_FP,0.5730207,0.205
q_CO2_FP,0.5729043,0.21
q_CO2_FP,0.5729223,0.215
q_CO2_FP,0.57286674,0.22
q_CO2_FP,0.5729401,0.225
q_CO2_FP,0.5729467,0.23
q_CO2_FP,0.57307714,0.235
q_CO2_FP,0.5731485,0.24
q_CO2_FP,0.57333905,0.245
q_CO2_FP,0.5734771,0.25
q_CO2_FP,0.57373166,0.255
q_CO2_FP,0.5739414,0.26
q_CO2_FP,0.57426435,0.265
q_CO2_FP,0.5745485,0.27
q_CO2_FP,0.5749449,0.275
q_CO2_FP,0.5753113,0.28
q_CO2_FP,0.57578844,0.285
q_CO2_FP,0.57624143,0.29
q_CO2_FP,0.5768052,0.295
q_CO2_FP,0.5773543,0.3
q_CO2_FP,0.57801527,0.305
q_CO2_FP,0.57866865,0.31
q_CO2_FP,0.579435,0.315
q_CO2_FP,0.58020455,0.32
q_CO2_FP,0.581091,0.325
q_CO2_FP,0.5819897,0.33
q_CO2_FP,0.58300805,0.335
q_CO2_FP,0.5840508,0.34
q_CO2_FP,0.58522123,0.345
q_CO2_FP,0.58642983,0.35
q_CO2_FP,0.58777183,0.355
q_CO2_FP,0.5891662,0.36
q_CO2_FP,0.59070635,0.365
q_CO2_FP,0.5923206,0.37
q_CO2_FP,0.5940939,0.375
q_CO2_FP,0.59596217,0.38
q_CO2_FP,0.5980059,0.385
q_CO2_FP,0.60017705,0.39
q_CO2_FP,0.60255194,0.395
q_CO2_FP,0.6050957,0.4
q_CO2_FP,0.6078755,0.405
q_CO2_FP,0.6108747,0.41
q_CO2_FP,0.6141608,0.415
q_CO2_FP,0.61774784,0.42
q_CO2_FP,0.62170756,0.425
q_CO2_FP,0.6260862,0.43
q_CO2_FP,0.6309621,0.435
q_CO2_FP,0.6364153,0.44
q_CO2_FP,0.64253354,0.445
q_CO2_FP,0.6494375,0.45
q_CO2_FP,0.657316,0.455
q_CO2_FP,0.6666303,0.46
q_CO2_FP,0.678391,0.465
q_CO2_FP,0.69446194,0.47
q_CO2_FP,0.7176377,0.475
q_CO2_FP,0.75140613,0.48
q_CO2_FP,0.800372,0.485
q_CO2_FP,0.8713073,0.49
q_CO2_FP,0.978834,0.495
q_CO2_FP,1.1705543,0.5
q_CO2_VU,0.5313161,0
q_CO2_VU,0.5318506,0.005
q_CO2_VU,0.5317538,0.01
q_CO2_VU,0.5316907,0.015
q_CO2_VU,0.53158516,0.02
q_CO2_VU,0.531406,0.025
q_CO2_VU,0.5313336,0.03
q_CO2_VU,0.5310808,0.035
q_CO2_VU,0.5309812,0.04
q_CO2_VU,0.53085434,0.045
q_CO2_VU,0.5305949,0.05
q_CO2_VU,0.5303519,0.055
q_CO2_VU,0.5301802,0.06
q_CO2_VU,0.53004956,0.065
q_CO2_VU,0.5298441,0.07
q_CO2_VU,0.529663,0.075
q_CO2_VU,0.5294573,0.08
q_CO2_VU,0.52922565,0.085
q_CO2_VU,0.52898777,0.09
q_CO2_VU,0.5287982,0.095
q_CO2_VU,0.52859455,0.1
q_CO2_VU,0.52839506,0.105
q_CO2_VU,0.5281666,0.11
q_CO2_VU,0.5279523,0.115
q_CO2_VU,0.5277189,0.12
q_CO2_VU,0.52750415,0.125
q_CO2_VU,0.5272674,0.13
q_CO2_VU,0.5270484,0.135
q_CO2_VU,0.5268063,0.14
q_CO2_VU,0.5265836,0.145
q_CO2_VU,0.5263364,0.15
q_CO2_VU,0.52610743,0.155
q_CO2_VU,0.5258542,0.16
q_CO2_VU,0.52562106,0.165
q_CO2_VU,0.52536273,0.17
q_CO2_VU,0.52512676,0.175
q_CO2_VU,0.52486604,0.18
q_CO2_VU,0.52462614,0.185
q_CO2_VU,0.5243603,0.19
q_CO2_VU,0.52411664,0.195
q_CO2_VU,0.5238478,0.2
q_CO2_VU,0.5236034,0.205
q_CO2_VU,0.52333176,0.21
q_CO2_VU,0.523083,0.215
q_CO2_VU,0.52280825,0.22
q_CO2_VU,0.522558,0.225
q_CO2_VU,0.5222806,0.23
q_CO2_VU,0.5220279,0.235
q_CO2_VU,0.521749,0.24
q_CO2_VU,0.52149445,0.245
q_CO2_VU,0.52121264,0.25
q_CO2_VU,0.52095646,0.255
q_CO2_VU,0.5206747,0.26
q_CO2_VU,0.5204169,0.265
q_CO2_VU,0.520132,0.27
q_CO2_VU,0.51987255,0.275
q_CO2_VU,0.51958895,0.28
q_CO2_VU,0.51932955,0.285
q_CO2_VU,0.5190437,0.29
q_CO2_VU,0.51878184,0.295
q_CO2_VU,0.51849705,0.3
q_CO2_VU,0.51823634,0.305
q_CO2_VU,0.5179508,0.31
q_CO2_VU,0.5176875,0.315
q_CO2_VU,0.5174027,0.32
q_CO2_VU,0.5171415,0.325
q_CO2_VU,0.5168578,0.33
q_CO2_VU,0.5165938,0.335
q_CO2_VU,0.5163092,0.34
q_CO2_VU,0.5160472,0.345
q_CO2_VU,0.51576656,0.35
q_CO2_VU,0.5155033,0.355
q_CO2_VU,0.5152202,0.36
q_CO2_VU,0.51495546,0.365
q_CO2_VU,0.51467836,0.37
q_CO2_VU,0.5144161,0.375
q_CO2_VU,0.51413965,0.38
q_CO2_VU,0.51387054,0.385
q_CO2_VU,0.5135955,0.39
q_CO2_VU,0.51332825,0.395
q_CO2_VU,0.5130645,0.4
q_CO2_VU,0.51279664,0.405
q_CO2_VU,0.51253325,0.41
q_CO2_VU,0.51225394,0.415
q_CO2_VU,0.5119948,0.42
q_CO2_VU,0.5117164,0.425
q_CO2_VU,0.51147276,0.43
q_CO2_VU,0.511196,0.435
q_CO2_VU,0.51096106,0.44
q_CO2_VU,0.51067746,0.445
q_CO2_VU,0.51044524,0.45
q_CO2_VU,0.5101529,0.455
q_CO2_VU,0.509919,0.46
q_CO2_VU,0.5096505,0.465
q_CO2_VU,0.5095182,0.47
q_CO2_VU,0.5094014,0.475
q_CO2_VU,0.5093762,0.48
q_CO2_VU,0.509243,0.485
q_CO2_VU,0.50909144,0.49
q_CO2_VU,0.5089035,0.495
q_CO2_VU,0.50646126,0.5
q_H2_AD,0.1799704,0
q_H2_AD,0.18012652,0.005
q_H2_AD,0.18031457,0.01
q_H2_AD,0.18050875,0.015
q_H2_AD,0.18073806,0.02
q_H2_AD,0.18097194,0.025
q_H2_AD,0.18124166,0.03
q_H2_AD,0.18151428,0.035
q_H2_AD,0.18182406,0.04
q_H2_AD,0.18213569,0.045
q_H2_AD,0.18248565,0.05
q_H2_AD,0.1828363,0.055
q_H2_AD,0.18322703,0.06
q_H2_AD,0.1836172,0.065
q_H2_AD,0.18404886,0.07
q_H2_AD,0.18447861,0.075
q_H2_AD,0.18495153,0.08
q_H2_AD,0.18542103,0.085
q_H2_AD,0.18593533,0.09
q_H2_AD,0.1864449,0.095
q_H2_AD,0.18700092,0.1
q_H2_AD,0.18755054,0.105
q_H2_AD,0.18814833,0.11
q_H2_AD,0.18873823,0.115
q_H2_AD,0.18937796,0.12
q_H2_AD,0.19000818,0.125
q_H2_AD,0.19069003,0.13
q_H2_AD,0.19136071,0.135
q_H2_AD,0.19208474,0.14
q_H2_AD,0.19279598,0.145
q_H2_AD,0.19356237,0.15
q_H2_AD,0.1943143,0.155
q_H2_AD,0.19512309,0.16
q_H2_AD,0.19591585,0.165
q_H2_AD,0.19676724,0.17
q_H2_AD,0.19760092,0.175
q_H2_AD,0.19849497,0.18
q_H2_AD,0.19936983,0.185
q_H2_AD,0.20030673,0.19
q_H2_AD,0.20122284,0.195
q_H2_AD,0.20220271,0.2
q_H2_AD,0.20316048,0.205
q_H2_AD,0.20418353,0.21
q_H2_AD,0.20518306,0.215
q_H2_AD,0.20624952,0.22
q_H2_AD,0.20729141,0.225
q_H2_AD,0.20840153,0.23
q_H2_AD,0.209486,0.235
q_H2_AD,0.21064019,0.24
q_H2_AD,0.211768,0.245
q_H2_AD,0.21296664,0.25
q_H2_AD,0.2141382,0.255
q_H2_AD,0.2153819,0.26
q_H2_AD,0.2165983,0.265
q_H2_AD,0.21788757,0.27
q_H2_AD,0.2191494,0.275
q_H2_AD,0.22048518,0.28
q_H2_AD,0.22179393,0.285
q_H2_AD,0.22317696,0.29
q_H2_AD,0.22453348,0.295
q_H2_AD,0.22596496,0.3
q_H2_AD,0.2273713,0.305
q_H2_AD,0.2288524,0.31
q_H2_AD,0.23030974,0.315
q_H2_AD,0.23184177,0.32
q_H2_AD,0.23335283,0.325
q_H2_AD,0.23493768,0.33
q_H2_AD,0.23650439,0.335
q_H2_AD,0.23814309,0.34
q_H2_AD,0.23976861,0.345
q_H2_AD,0.24146385,0.35
q_H2_AD,0.24315217,0.355
q_H2_AD,0.24490467,0.36
q_H2_AD,0.24665876,0.365
q_H2_AD,0.24847059,0.37
q_H2_AD,0.25029805,0.375
q_H2_AD,0.2521716,0.38
q_H2_AD,0.25407588,0.385
q_H2_AD,0.25600928,0.39
q_H2_AD,0.25799918,0.395
q_H2_AD,0.2599992,0.4
q_H2_AD,0.26208442,0.405
q_H2_AD,0.2641475,0.41
q_H2_AD,0.2663312,0.415
q_H2_AD,0.26846066,0.42
q_H2_AD,0.2707576,0.425
q_H2_AD,0.27296132,0.43
q_H2_AD,0.27538115,0.435
q_H2_AD,0.2776636,0.44
q_H2_AD,0.28020805,0.445
q_H2_AD,0.2825666,0.45
q_H2_AD,0.28523526,0.455
q_H2_AD,0.28769305,0.46
q_H2_AD,0.29051477,0.465
q_H2_AD,0.2931174,0.47
q_H2_AD,0.2961166,0.475
q_H2_AD,0.29890534,0.48
q_H2_AD,0.30212912,0.485
q_H2_AD,0.3050411,0.49
q_H2_AD,0.3089301,0.495
q_H2_AD,0.31023455,0.5
q_H2_BD,3.80E-04,0
q_H2_BD,3.82E-04,0.005
q_H2_BD,3.87E-04,0.01
q_H2_BD,3.90E-04,0.015
q_H2_BD,3.95E-04,0.02
q_H2_BD,3.99E-04,0.025
q_H2_BD,4.04E-04,0.03
q_H2_BD,4.08E-04,0.035
q_H2_BD,4.13E-04,0.04
q_H2_BD,4.18E-04,0.045
q_H2_BD,4.23E-04,0.05
q_H2_BD,4.28E-04,0.055
q_H2_BD,4.33E-04,0.06
q_H2_BD,4.38E-04,0.065
q_H2_BD,4.44E-04,0.07
q_H2_BD,4.49E-04,0.075
q_H2_BD,4.55E-04,0.08
q_H2_BD,4.61E-04,0.085
q_H2_BD,4.67E-04,0.09
q_H2_BD,4.73E-04,0.095
q_H2_BD,4.79E-04,0.1
q_H2_BD,4.85E-04,0.105
q_H2_BD,4.92E-04,0.11
q_H2_BD,4.99E-04,0.115
q_H2_BD,5.06E-04,0.12
q_H2_BD,5.12E-04,0.125
q_H2_BD,5.20E-04,0.13
q_H2_BD,5.27E-04,0.135
q_H2_BD,5.35E-04,0.14
q_H2_BD,5.43E-04,0.145
q_H2_BD,5.51E-04,0.15
q_H2_BD,5.59E-04,0.155
q_H2_BD,5.68E-04,0.16
q_H2_BD,5.76E-04,0.165
q_H2_BD,5.86E-04,0.17
q_H2_BD,5.95E-04,0.175
q_H2_BD,6.05E-04,0.18
q_H2_BD,6.14E-04,0.185
q_H2_BD,6.24E-04,0.19
q_H2_BD,6.35E-04,0.195
q_H2_BD,6.45E-04,0.2
q_H2_BD,6.56E-04,0.205
q_H2_BD,6.68E-04,0.21
q_H2_BD,6.79E-04,0.215
q_H2_BD,6.92E-04,0.22
q_H2_BD,7.04E-04,0.225
q_H2_BD,7.17E-04,0.23
q_H2_BD,7.30E-04,0.235
q_H2_BD,7.43E-04,0.24
q_H2_BD,7.57E-04,0.245
q_H2_BD,7.72E-04,0.25
q_H2_BD,7.86E-04,0.255
q_H2_BD,8.02E-04,0.26
q_H2_BD,8.17E-04,0.265
q_H2_BD,8.34E-04,0.27
q_H2_BD,8.50E-04,0.275
q_H2_BD,8.68E-04,0.28
q_H2_BD,8.86E-04,0.285
q_H2_BD,9.05E-04,0.29
q_H2_BD,9.23E-04,0.295
q_H2_BD,9.44E-04,0.3
q_H2_BD,9.64E-04,0.305
q_H2_BD,9.85E-04,0.31
q_H2_BD,0.001006321,0.315
q_H2_BD,0.001029291,0.32
q_H2_BD,0.001052029,0.325
q_H2_BD,0.001076552,0.33
q_H2_BD,0.001100827,0.335
q_H2_BD,0.001127007,0.34
q_H2_BD,0.00115292,0.345
q_H2_BD,0.001180861,0.35
q_H2_BD,0.001208507,0.355
q_H2_BD,0.001238304,0.36
q_H2_BD,0.00126777,0.365
q_H2_BD,0.00129951,0.37
q_H2_BD,0.001330867,0.375
q_H2_BD,0.001364605,0.38
q_H2_BD,0.001397887,0.385
q_H2_BD,0.001433643,0.39
q_H2_BD,0.001468841,0.395
q_H2_BD,0.00150657,0.4
q_H2_BD,0.001543594,0.405
q_H2_BD,0.001583143,0.41
q_H2_BD,0.001621779,0.415
q_H2_BD,0.001662856,0.42
q_H2_BD,0.001702733,0.425
q_H2_BD,0.001744834,0.43
q_H2_BD,0.001785328,0.435
q_H2_BD,0.001827642,0.44
q_H2_BD,0.001867794,0.445
q_H2_BD,0.001909113,0.45
q_H2_BD,0.001947538,0.455
q_H2_BD,0.00198616,0.46
q_H2_BD,0.002020987,0.465
q_H2_BD,0.002054727,0.47
q_H2_BD,0.00208362,0.475
q_H2_BD,0.002109717,0.48
q_H2_BD,0.002129787,0.485
q_H2_BD,0.002145194,0.49
q_H2_BD,0.002153954,0.495
q_H2_BD,0.002155187,0.5
q_H2_CD,0.018224131,0
q_H2_CD,0.01823666,0.005
q_H2_CD,0.018273054,0.01
q_H2_CD,0.01833378,0.015
q_H2_CD,0.018418541,0.02
q_H2_CD,0.01852659,0.025
q_H2_CD,0.018657507,0.03
q_H2_CD,0.018810254,0.035
q_H2_CD,0.018984655,0.04
q_H2_CD,0.01917983,0.045
q_H2_CD,0.019395467,0.05
q_H2_CD,0.01963102,0.055
q_H2_CD,0.01988645,0.06
q_H2_CD,0.020161143,0.065
q_H2_CD,0.02045505,0.07
q_H2_CD,0.02076771,0.075
q_H2_CD,0.021099227,0.08
q_H2_CD,0.021449087,0.085
q_H2_CD,0.021817543,0.09
q_H2_CD,0.022204129,0.095
q_H2_CD,0.022609103,0.1
q_H2_CD,0.023031967,0.105
q_H2_CD,0.023473054,0.11
q_H2_CD,0.023931868,0.115
q_H2_CD,0.024408786,0.12
q_H2_CD,0.024903277,0.125
q_H2_CD,0.025415739,0.13
q_H2_CD,0.0259456,0.135
q_H2_CD,0.026493274,0.14
q_H2_CD,0.027058147,0.145
q_H2_CD,0.027640628,0.15
q_H2_CD,0.028240046,0.155
q_H2_CD,0.028856812,0.16
q_H2_CD,0.029490193,0.165
q_H2_CD,0.030140584,0.17
q_H2_CD,0.03080719,0.175
q_H2_CD,0.03149038,0.18
q_H2_CD,0.03218929,0.185
q_H2_CD,0.032904275,0.19
q_H2_CD,0.0336344,0.195
q_H2_CD,0.03437999,0.2
q_H2_CD,0.03514005,0.205
q_H2_CD,0.035914868,0.21
q_H2_CD,0.036703393,0.215
q_H2_CD,0.037505895,0.22
q_H2_CD,0.038321257,0.225
q_H2_CD,0.039149724,0.23
q_H2_CD,0.03999014,0.235
q_H2_CD,0.040842723,0.24
q_H2_CD,0.041706283,0.245
q_H2_CD,0.042581018,0.25
q_H2_CD,0.04346571,0.255
q_H2_CD,0.044360552,0.26
q_H2_CD,0.045264304,0.265
q_H2_CD,0.046177145,0.27
q_H2_CD,0.047097847,0.275
q_H2_CD,0.048026584,0.28
q_H2_CD,0.048962127,0.285
q_H2_CD,0.04990465,0.29
q_H2_CD,0.05085295,0.295
q_H2_CD,0.051807214,0.3
q_H2_CD,0.052766267,0.305
q_H2_CD,0.05373029,0.31
q_H2_CD,0.05469815,0.315
q_H2_CD,0.055670056,0.32
q_H2_CD,0.056644913,0.325
q_H2_CD,0.057622932,0.33
q_H2_CD,0.058603067,0.335
q_H2_CD,0.059585538,0.34
q_H2_CD,0.060569376,0.345
q_H2_CD,0.061554786,0.35
q_H2_CD,0.06254083,0.355
q_H2_CD,0.06352772,0.36
q_H2_CD,0.06451456,0.365
q_H2_CD,0.06550155,0.37
q_H2_CD,0.06648782,0.375
q_H2_CD,0.067473456,0.38
q_H2_CD,0.0684576,0.385
q_H2_CD,0.06944028,0.39
q_H2_CD,0.070420556,0.395
q_H2_CD,0.07139824,0.4
q_H2_CD,0.07237223,0.405
q_H2_CD,0.07334201,0.41
q_H2_CD,0.07430614,0.415
q_H2_CD,0.07526366,0.42
q_H2_CD,0.076212525,0.425
q_H2_CD,0.077150986,0.43
q_H2_CD,0.07807599,0.435
q_H2_CD,0.078984514,0.44
q_H2_CD,0.07987202,0.445
q_H2_CD,0.08073362,0.45
q_H2_CD,0.08156262,0.455
q_H2_CD,0.082351506,0.46
q_H2_CD,0.08309094,0.465
q_H2_CD,0.083770365,0.47
q_H2_CD,0.08437731,0.475
q_H2_CD,0.0848977,0.48
q_H2_CD,0.08531693,0.485
q_H2_CD,0.08562162,0.49
q_H2_CD,0.08580358,0.495
q_H2_CD,0.08585146,0.5
q_H2_FP,0.6463428,0
q_H2_FP,0.64858556,0.005
q_H2_FP,0.6553784,0.01
q_H2_FP,0.6645297,0.015
q_H2_FP,0.6732781,0.02
q_H2_FP,0.67995274,0.025
q_H2_FP,0.6845442,0.03
q_H2_FP,0.6876334,0.035
q_H2_FP,0.6897389,0.04
q_H2_FP,0.6911872,0.045
q_H2_FP,0.6922115,0.05
q_H2_FP,0.69295627,0.055
q_H2_FP,0.69352293,0.06
q_H2_FP,0.69396216,0.065
q_H2_FP,0.6943147,0.07
q_H2_FP,0.69460154,0.075
q_H2_FP,0.694843,0.08
q_H2_FP,0.69504356,0.085
q_H2_FP,0.6952165,0.09
q_H2_FP,0.69536304,0.095
q_H2_FP,0.69548965,0.1
q_H2_FP,0.6955954,0.105
q_H2_FP,0.6956858,0.11
q_H2_FP,0.69576,0.115
q_H2_FP,0.6958221,0.12
q_H2_FP,0.6958707,0.125
q_H2_FP,0.69590884,0.13
q_H2_FP,0.69593537,0.135
q_H2_FP,0.6959528,0.14
q_H2_FP,0.6959599,0.145
q_H2_FP,0.6959588,0.15
q_H2_FP,0.69594836,0.155
q_H2_FP,0.6959303,0.16
q_H2_FP,0.6959037,0.165
q_H2_FP,0.69586986,0.17
q_H2_FP,0.695828,0.175
q_H2_FP,0.6957792,0.18
q_H2_FP,0.6957227,0.185
q_H2_FP,0.69565934,0.19
q_H2_FP,0.6955886,0.195
q_H2_FP,0.69551104,0.2
q_H2_FP,0.6954263,0.205
q_H2_FP,0.6953345,0.21
q_H2_FP,0.6952356,0.215
q_H2_FP,0.69512963,0.22
q_H2_FP,0.69501644,0.225
q_H2_FP,0.6948959,0.23
q_H2_FP,0.69476813,0.235
q_H2_FP,0.69463265,0.24
q_H2_FP,0.69448966,0.245
q_H2_FP,0.6943386,0.25
q_H2_FP,0.6941797,0.255
q_H2_FP,0.69401234,0.26
q_H2_FP,0.6938366,0.265
q_H2_FP,0.69365185,0.27
q_H2_FP,0.6934582,0.275
q_H2_FP,0.6932548,0.28
q_H2_FP,0.6930419,0.285
q_H2_FP,0.6928184,0.29
q_H2_FP,0.6925845,0.295
q_H2_FP,0.69233906,0.3
q_H2_FP,0.6920823,0.305
q_H2_FP,0.69181275,0.31
q_H2_FP,0.69153064,0.315
q_H2_FP,0.6912344,0.32
q_H2_FP,0.69092417,0.325
q_H2_FP,0.69059813,0.33
q_H2_FP,0.69025624,0.335
q_H2_FP,0.6898965,0.34
q_H2_FP,0.68951887,0.345
q_H2_FP,0.689121,0.35
q_H2_FP,0.68870234,0.355
q_H2_FP,0.6882604,0.36
q_H2_FP,0.6877944,0.365
q_H2_FP,0.6873014,0.37
q_H2_FP,0.6867801,0.375
q_H2_FP,0.6862268,0.38
q_H2_FP,0.68563956,0.385
q_H2_FP,0.6850141,0.39
q_H2_FP,0.68434745,0.395
q_H2_FP,0.68363404,0.4
q_H2_FP,0.6828688,0.405
q_H2_FP,0.68204427,0.41
q_H2_FP,0.68115216,0.415
q_H2_FP,0.68018085,0.42
q_H2_FP,0.67911434,0.425
q_H2_FP,0.67792845,0.43
q_H2_FP,0.67658377,0.435
q_H2_FP,0.6750168,0.44
q_H2_FP,0.6731326,0.445
q_H2_FP,0.6708086,0.45
q_H2_FP,0.6679513,0.455
q_H2_FP,0.6645597,0.46
q_H2_FP,0.66077304,0.465
q_H2_FP,0.65670645,0.47
q_H2_FP,0.65186477,0.475
q_H2_FP,0.6448952,0.48
q_H2_FP,0.6332904,0.485
q_H2_FP,0.6151273,0.49
q_H2_FP,0.59044474,0.495
q_H2_FP,0.57362294,0.5
q_H2_VU,-6.18E-10,0
q_H2_VU,-4.90E-10,0.005
q_H2_VU,-1.05E-10,0.01
q_H2_VU,-1.83E-11,0.015
q_H2_VU,3.69E-11,0.02
q_H2_VU,-8.83E-11,0.025
q_H2_VU,4.52E-11,0.03
q_H2_VU,-9.02E-11,0.035
q_H2_VU,1.88E-12,0.04
q_H2_VU,-4.76E-11,0.045
q_H2_VU,-7.10E-11,0.05
q_H2_VU,2.72E-11,0.055
q_H2_VU,-1.72E-10,0.06
q_H2_VU,1.19E-10,0.065
q_H2_VU,-2.43E-10,0.07
q_H2_VU,1.50E-10,0.075
q_H2_VU,-2.23E-10,0.08
q_H2_VU,1.01E-10,0.085
q_H2_VU,-1.43E-10,0.09
q_H2_VU,2.58E-11,0.095
q_H2_VU,-6.06E-11,0.1
q_H2_VU,-3.81E-11,0.105
q_H2_VU,4.93E-12,0.11
q_H2_VU,-8.87E-11,0.115
q_H2_VU,5.16E-11,0.12
q_H2_VU,-1.19E-10,0.125
q_H2_VU,6.86E-11,0.13
q_H2_VU,-1.20E-10,0.135
q_H2_VU,5.39E-11,0.14
q_H2_VU,-9.51E-11,0.145
q_H2_VU,2.35E-11,0.15
q_H2_VU,-6.37E-11,0.155
q_H2_VU,-3.75E-12,0.16
q_H2_VU,-3.91E-11,0.165
q_H2_VU,-1.87E-11,0.17
q_H2_VU,-2.49E-11,0.175
q_H2_VU,-2.22E-11,0.18
q_H2_VU,-1.83E-11,0.185
q_H2_VU,-1.91E-11,0.19
q_H2_VU,-1.51E-11,0.195
q_H2_VU,-1.47E-11,0.2
q_H2_VU,-1.18E-11,0.205
q_H2_VU,-1.13E-11,0.21
q_H2_VU,-7.92E-12,0.215
q_H2_VU,-8.51E-12,0.22
q_H2_VU,-4.62E-12,0.225
q_H2_VU,-5.44E-12,0.23
q_H2_VU,-2.46E-12,0.235
q_H2_VU,-2.24E-12,0.24
q_H2_VU,-9.38E-13,0.245
q_H2_VU,1.47E-13,0.25
q_H2_VU,5.21E-13,0.255
q_H2_VU,1.41E-12,0.26
q_H2_VU,1.79E-12,0.265
q_H2_VU,2.00E-12,0.27
q_H2_VU,2.47E-12,0.275
q_H2_VU,2.35E-12,0.28
q_H2_VU,2.54E-12,0.285
q_H2_VU,2.47E-12,0.29
q_H2_VU,2.31E-12,0.295
q_H2_VU,2.24E-12,0.3
q_H2_VU,1.97E-12,0.305
q_H2_VU,1.79E-12,0.31
q_H2_VU,1.57E-12,0.315
q_H2_VU,1.30E-12,0.32
q_H2_VU,1.13E-12,0.325
q_H2_VU,8.64E-13,0.33
q_H2_VU,7.33E-13,0.335
q_H2_VU,5.23E-13,0.34
q_H2_VU,4.20E-13,0.345
q_H2_VU,2.92E-13,0.35
q_H2_VU,2.00E-13,0.355
q_H2_VU,1.54E-13,0.36
q_H2_VU,8.00E-14,0.365
q_H2_VU,7.19E-14,0.37
q_H2_VU,3.80E-14,0.375
q_H2_VU,3.11E-14,0.38
q_H2_VU,2.89E-14,0.385
q_H2_VU,2.42E-14,0.39
q_H2_VU,2.45E-14,0.395
q_H2_VU,2.95E-14,0.4
q_H2_VU,2.36E-14,0.405
q_H2_VU,2.71E-14,0.41
q_H2_VU,2.72E-14,0.415
q_H2_VU,2.05E-14,0.42
q_H2_VU,2.51E-14,0.425
q_H2_VU,2.06E-14,0.43
q_H2_VU,1.71E-14,0.435
q_H2_VU,1.96E-14,0.44
q_H2_VU,1.55E-14,0.445
q_H2_VU,1.35E-14,0.45
q_H2_VU,1.50E-14,0.455
q_H2_VU,1.35E-14,0.46
q_H2_VU,1.16E-14,0.465
q_H2_VU,1.10E-14,0.47
q_H2_VU,1.08E-14,0.475
q_H2_VU,1.04E-14,0.48
q_H2_VU,9.95E-15,0.485
q_H2_VU,9.69E-15,0.49
q_H2_VU,9.56E-15,0.495
q_H2_VU,9.47E-15,0.5
Tem_AD,298,0
Tem_AD,298.0696,0.005
Tem_AD,298.12744,0.01
Tem_AD,298.2131,0.015
Tem_AD,298.2863,0.02
Tem_AD,298.3888,0.025
Tem_AD,298.47693,0.03
Tem_AD,298.59543,0.035
Tem_AD,298.69812,0.04
Tem_AD,298.83252,0.045
Tem_AD,298.94952,0.05
Tem_AD,299.09946,0.055
Tem_AD,299.23056,0.06
Tem_AD,299.39578,0.065
Tem_AD,299.5407,0.07
Tem_AD,299.72092,0.075
Tem_AD,299.87927,0.08
Tem_AD,300.074,0.085
Tem_AD,300.24548,0.09
Tem_AD,300.45438,0.095
Tem_AD,300.6384,0.1
Tem_AD,300.8608,0.105
Tem_AD,301.05704,0.11
Tem_AD,301.29248,0.115
Tem_AD,301.5002,0.12
Tem_AD,301.74808,0.125
Tem_AD,301.9669,0.13
Tem_AD,302.2264,0.135
Tem_AD,302.45563,0.14
Tem_AD,302.72626,0.145
Tem_AD,302.96524,0.15
Tem_AD,303.24603,0.155
Tem_AD,303.49423,0.16
Tem_AD,303.7846,0.165
Tem_AD,304.04114,0.17
Tem_AD,304.34012,0.175
Tem_AD,304.60458,0.18
Tem_AD,304.9114,0.185
Tem_AD,305.1827,0.19
Tem_AD,305.49652,0.195
Tem_AD,305.77432,0.2
Tem_AD,306.0941,0.205
Tem_AD,306.37726,0.21
Tem_AD,306.70224,0.215
Tem_AD,306.9904,0.22
Tem_AD,307.31937,0.225
Tem_AD,307.61136,0.23
Tem_AD,307.94376,0.235
Tem_AD,308.23917,0.24
Tem_AD,308.57352,0.245
Tem_AD,308.87122,0.25
Tem_AD,309.2071,0.255
Tem_AD,309.50668,0.26
Tem_AD,309.84244,0.265
Tem_AD,310.14273,0.27
Tem_AD,310.4781,0.275
Tem_AD,310.77878,0.28
Tem_AD,311.11197,0.285
Tem_AD,311.41168,0.29
Tem_AD,311.74243,0.295
Tem_AD,312.04123,0.3
Tem_AD,312.36777,0.305
Tem_AD,312.66388,0.31
Tem_AD,312.98575,0.315
Tem_AD,313.27982,0.32
Tem_AD,313.59555,0.325
Tem_AD,313.8854,0.33
Tem_AD,314.19354,0.335
Tem_AD,314.4804,0.34
Tem_AD,314.78058,0.345
Tem_AD,315.0626,0.35
Tem_AD,315.35135,0.355
Tem_AD,315.62927,0.36
Tem_AD,315.90726,0.365
Tem_AD,316.1818,0.37
Tem_AD,316.44443,0.375
Tem_AD,316.71368,0.38
Tem_AD,316.9597,0.385
Tem_AD,317.22775,0.39
Tem_AD,317.45615,0.395
Tem_AD,317.72076,0.4
Tem_AD,317.9248,0.405
Tem_AD,318.18552,0.41
Tem_AD,318.36707,0.415
Tem_AD,318.6289,0.42
Tem_AD,318.78687,0.425
Tem_AD,319.04395,0.43
Tem_AD,319.17023,0.435
Tem_AD,319.4176,0.44
Tem_AD,319.51614,0.445
Tem_AD,319.7594,0.45
Tem_AD,319.83948,0.455
Tem_AD,320.07526,0.46
Tem_AD,320.13266,0.465
Tem_AD,320.34042,0.47
Tem_AD,320.36353,0.475
Tem_AD,320.5187,0.48
Tem_AD,320.50192,0.485
Tem_AD,320.58282,0.49
Tem_AD,320.5272,0.495
Tem_AD,320.50864,0.5
Tem_BD,281.08078,0
Tem_BD,281.0993,0.005
Tem_BD,281.15482,0.01
Tem_BD,281.20764,0.015
Tem_BD,281.27042,0.02
Tem_BD,281.33316,0.025
Tem_BD,281.40234,0.03
Tem_BD,281.4726,0.035
Tem_BD,281.5475,0.04
Tem_BD,281.62503,0.045
Tem_BD,281.70505,0.05
Tem_BD,281.78885,0.055
Tem_BD,281.87473,0.06
Tem_BD,281.96442,0.065
Tem_BD,282.05557,0.07
Tem_BD,282.15054,0.075
Tem_BD,282.2468,0.08
Tem_BD,282.34677,0.085
Tem_BD,282.44797,0.09
Tem_BD,282.55298,0.095
Tem_BD,282.65894,0.1
Tem_BD,282.7686,0.105
Tem_BD,282.87906,0.11
Tem_BD,282.99316,0.115
Tem_BD,283.10803,0.12
Tem_BD,283.2265,0.125
Tem_BD,283.34555,0.13
Tem_BD,283.4682,0.135
Tem_BD,283.5913,0.14
Tem_BD,283.71796,0.145
Tem_BD,283.84497,0.15
Tem_BD,283.97546,0.155
Tem_BD,284.10617,0.16
Tem_BD,284.24036,0.165
Tem_BD,284.3746,0.17
Tem_BD,284.5123,0.175
Tem_BD,284.64993,0.18
Tem_BD,284.79092,0.185
Tem_BD,284.93173,0.19
Tem_BD,285.07584,0.195
Tem_BD,285.21964,0.2
Tem_BD,285.36667,0.205
Tem_BD,285.5132,0.21
Tem_BD,285.6629,0.215
Tem_BD,285.812,0.22
Tem_BD,285.96417,0.225
Tem_BD,286.11557,0.23
Tem_BD,286.26996,0.235
Tem_BD,286.42346,0.24
Tem_BD,286.5798,0.245
Tem_BD,286.7351,0.25
Tem_BD,286.8932,0.255
Tem_BD,287.05008,0.26
Tem_BD,287.20963,0.265
Tem_BD,287.36786,0.27
Tem_BD,287.52863,0.275
Tem_BD,287.68793,0.28
Tem_BD,287.84967,0.285
Tem_BD,288.0098,0.29
Tem_BD,288.17227,0.295
Tem_BD,288.33298,0.3
Tem_BD,288.49594,0.305
Tem_BD,288.65704,0.31
Tem_BD,288.82025,0.315
Tem_BD,288.98148,0.32
Tem_BD,289.14478,0.325
Tem_BD,289.30594,0.33
Tem_BD,289.46906,0.335
Tem_BD,289.62997,0.34
Tem_BD,289.7928,0.345
Tem_BD,289.95328,0.35
Tem_BD,290.1156,0.355
Tem_BD,290.2755,0.36
Tem_BD,290.4372,0.365
Tem_BD,290.59644,0.37
Tem_BD,290.7574,0.375
Tem_BD,290.91577,0.38
Tem_BD,291.07587,0.385
Tem_BD,291.23337,0.39
Tem_BD,291.39252,0.395
Tem_BD,291.5491,0.4
Tem_BD,291.70724,0.405
Tem_BD,291.86276,0.41
Tem_BD,292.0198,0.415
Tem_BD,292.17422,0.42
Tem_BD,292.33008,0.425
Tem_BD,292.48322,0.43
Tem_BD,292.63763,0.435
Tem_BD,292.78912,0.44
Tem_BD,292.94156,0.445
Tem_BD,293.0906,0.45
Tem_BD,293.23996,0.455
Tem_BD,293.38498,0.46
Tem_BD,293.52905,0.465
Tem_BD,293.66708,0.47
Tem_BD,293.8014,0.475
Tem_BD,293.92548,0.48
Tem_BD,294.03897,0.485
Tem_BD,294.13214,0.49
Tem_BD,294.19803,0.495
Tem_BD,294.21997,0.5
Tem_CD,296.16736,0
Tem_CD,296.17834,0.005
Tem_CD,296.2114,0.01
Tem_CD,296.25656,0.015
Tem_CD,296.3065,0.02
Tem_CD,296.35858,0.025
Tem_CD,296.41092,0.03
Tem_CD,296.4639,0.035
Tem_CD,296.51663,0.04
Tem_CD,296.56992,0.045
Tem_CD,296.62286,0.05
Tem_CD,296.6763,0.055
Tem_CD,296.72928,0.06
Tem_CD,296.78268,0.065
Tem_CD,296.83554,0.07
Tem_CD,296.88867,0.075
Tem_CD,296.94113,0.08
Tem_CD,296.9938,0.085
Tem_CD,297.0457,0.09
Tem_CD,297.0977,0.095
Tem_CD,297.1488,0.1
Tem_CD,297.19992,0.105
Tem_CD,297.25003,0.11
Tem_CD,297.30008,0.115
Tem_CD,297.349,0.12
Tem_CD,297.39777,0.125
Tem_CD,297.44534,0.13
Tem_CD,297.4926,0.135
Tem_CD,297.53864,0.14
Tem_CD,297.5843,0.145
Tem_CD,297.6286,0.15
Tem_CD,297.67245,0.155
Tem_CD,297.7149,0.16
Tem_CD,297.75684,0.165
Tem_CD,297.7973,0.17
Tem_CD,297.8372,0.175
Tem_CD,297.87555,0.18
Tem_CD,297.91327,0.185
Tem_CD,297.94946,0.19
Tem_CD,297.98495,0.195
Tem_CD,298.01892,0.2
Tem_CD,298.0522,0.205
Tem_CD,298.08386,0.21
Tem_CD,298.11484,0.215
Tem_CD,298.1443,0.22
Tem_CD,298.173,0.225
Tem_CD,298.20023,0.23
Tem_CD,298.22668,0.235
Tem_CD,298.25174,0.24
Tem_CD,298.27606,0.245
Tem_CD,298.29898,0.25
Tem_CD,298.32123,0.255
Tem_CD,298.34213,0.26
Tem_CD,298.3624,0.265
Tem_CD,298.3814,0.27
Tem_CD,298.39978,0.275
Tem_CD,298.41702,0.28
Tem_CD,298.43362,0.285
Tem_CD,298.44922,0.29
Tem_CD,298.4642,0.295
Tem_CD,298.47827,0.3
Tem_CD,298.49176,0.305
Tem_CD,298.50443,0.31
Tem_CD,298.5166,0.315
Tem_CD,298.528,0.32
Tem_CD,298.53894,0.325
Tem_CD,298.54922,0.33
Tem_CD,298.55908,0.335
Tem_CD,298.56836,0.34
Tem_CD,298.57724,0.345
Tem_CD,298.5857,0.35
Tem_CD,298.59372,0.355
Tem_CD,298.6014,0.36
Tem_CD,298.60873,0.365
Tem_CD,298.61584,0.37
Tem_CD,298.62253,0.375
Tem_CD,298.6292,0.38
Tem_CD,298.63547,0.385
Tem_CD,298.64185,0.39
Tem_CD,298.6479,0.395
Tem_CD,298.65424,0.4
Tem_CD,298.6603,0.405
Tem_CD,298.667,0.41
Tem_CD,298.6735,0.415
Tem_CD,298.68106,0.42
Tem_CD,298.68872,0.425
Tem_CD,298.698,0.43
Tem_CD,298.70786,0.435
Tem_CD,298.72018,0.44
Tem_CD,298.73386,0.445
Tem_CD,298.75122,0.45
Tem_CD,298.77112,0.455
Tem_CD,298.79636,0.46
Tem_CD,298.82565,0.465
Tem_CD,298.8621,0.47
Tem_CD,298.904,0.475
Tem_CD,298.95386,0.48
Tem_CD,299.0081,0.485
Tem_CD,299.06473,0.49
Tem_CD,299.11133,0.495
Tem_CD,299.12686,0.5
Tem_FP,303.85675,0
Tem_FP,303.7139,0.005
Tem_FP,303.28537,0.01
Tem_FP,302.74185,0.015
Tem_FP,302.25543,0.02
Tem_FP,301.9065,0.025
Tem_FP,301.68552,0.03
Tem_FP,301.5461,0.035
Tem_FP,301.45654,0.04
Tem_FP,301.39587,0.045
Tem_FP,301.35544,0.05
Tem_FP,301.3257,0.055
Tem_FP,301.30435,0.06
Tem_FP,301.28738,0.065
Tem_FP,301.27524,0.07
Tem_FP,301.26523,0.075
Tem_FP,301.25818,0.08
Tem_FP,301.25247,0.085
Tem_FP,301.24872,0.09
Tem_FP,301.2456,0.095
Tem_FP,301.2441,0.1
Tem_FP,301.2432,0.105
Tem_FP,301.24362,0.11
Tem_FP,301.2445,0.115
Tem_FP,301.24646,0.12
Tem_FP,301.24878,0.125
Tem_FP,301.25204,0.13
Tem_FP,301.2556,0.135
Tem_FP,301.26007,0.14
Tem_FP,301.26477,0.145
Tem_FP,301.2703,0.15
Tem_FP,301.27603,0.155
Tem_FP,301.28253,0.16
Tem_FP,301.2892,0.165
Tem_FP,301.29666,0.17
Tem_FP,301.30423,0.175
Tem_FP,301.31253,0.18
Tem_FP,301.32098,0.185
Tem_FP,301.33014,0.19
Tem_FP,301.33942,0.195
Tem_FP,301.3494,0.2
Tem_FP,301.35953,0.205
Tem_FP,301.3703,0.21
Tem_FP,301.38126,0.215
Tem_FP,301.39285,0.22
Tem_FP,301.4046,0.225
Tem_FP,301.41705,0.23
Tem_FP,301.42966,0.235
Tem_FP,301.44293,0.24
Tem_FP,301.4564,0.245
Tem_FP,301.47058,0.25
Tem_FP,301.48492,0.255
Tem_FP,301.5,0.26
Tem_FP,301.51532,0.265
Tem_FP,301.53137,0.27
Tem_FP,301.54767,0.275
Tem_FP,301.56476,0.28
Tem_FP,301.58212,0.285
Tem_FP,301.6003,0.29
Tem_FP,301.61884,0.295
Tem_FP,301.63824,0.3
Tem_FP,301.65802,0.305
Tem_FP,301.67877,0.31
Tem_FP,301.69995,0.315
Tem_FP,301.72217,0.32
Tem_FP,301.74487,0.325
Tem_FP,301.76874,0.33
Tem_FP,301.79318,0.335
Tem_FP,301.8189,0.34
Tem_FP,301.8453,0.345
Tem_FP,301.87317,0.35
Tem_FP,301.90182,0.355
Tem_FP,301.93213,0.36
Tem_FP,301.96338,0.365
Tem_FP,301.9965,0.37
Tem_FP,302.0308,0.375
Tem_FP,302.0673,0.38
Tem_FP,302.10522,0.385
Tem_FP,302.1457,0.39
Tem_FP,302.18796,0.395
Tem_FP,302.23328,0.4
Tem_FP,302.2809,0.405
Tem_FP,302.33228,0.41
Tem_FP,302.38672,0.415
Tem_FP,302.446,0.42
Tem_FP,302.50977,0.425
Tem_FP,302.58096,0.43
Tem_FP,302.66095,0.435
Tem_FP,302.75677,0.44
Tem_FP,302.87448,0.445
Tem_FP,303.02625,0.45
Tem_FP,303.21164,0.455
Tem_FP,303.41827,0.46
Tem_FP,303.5948,0.465
Tem_FP,303.68066,0.47
Tem_FP,303.6484,0.475
Tem_FP,303.54935,0.48
Tem_FP,303.49905,0.485
Tem_FP,303.4753,0.49
Tem_FP,302.8935,0.495
Tem_FP,298,0.5
Tem_VU,295.88617,0
Tem_VU,295.88736,0.005
Tem_VU,295.89093,0.01
Tem_VU,295.89572,0.015
Tem_VU,295.90125,0.02
Tem_VU,295.90726,0.025
Tem_VU,295.9135,0.03
Tem_VU,295.92014,0.035
Tem_VU,295.92694,0.04
Tem_VU,295.934,0.045
Tem_VU,295.94135,0.05
Tem_VU,295.94894,0.055
Tem_VU,295.9567,0.06
Tem_VU,295.9646,0.065
Tem_VU,295.97275,0.07
Tem_VU,295.9811,0.075
Tem_VU,295.98965,0.08
Tem_VU,295.99844,0.085
Tem_VU,296.0074,0.09
Tem_VU,296.01648,0.095
Tem_VU,296.02573,0.1
Tem_VU,296.0352,0.105
Tem_VU,296.0448,0.11
Tem_VU,296.05457,0.115
Tem_VU,296.06448,0.12
Tem_VU,296.0746,0.125
Tem_VU,296.0848,0.13
Tem_VU,296.09518,0.135
Tem_VU,296.1057,0.14
Tem_VU,296.11636,0.145
Tem_VU,296.12717,0.15
Tem_VU,296.1381,0.155
Tem_VU,296.14914,0.16
Tem_VU,296.16034,0.165
Tem_VU,296.17163,0.17
Tem_VU,296.18304,0.175
Tem_VU,296.19455,0.18
Tem_VU,296.20618,0.185
Tem_VU,296.21793,0.19
Tem_VU,296.22974,0.195
Tem_VU,296.24167,0.2
Tem_VU,296.2537,0.205
Tem_VU,296.26578,0.21
Tem_VU,296.27795,0.215
Tem_VU,296.29022,0.22
Tem_VU,296.30252,0.225
Tem_VU,296.3149,0.23
Tem_VU,296.32736,0.235
Tem_VU,296.33987,0.24
Tem_VU,296.35245,0.245
Tem_VU,296.36505,0.25
Tem_VU,296.37772,0.255
Tem_VU,296.3904,0.26
Tem_VU,296.40314,0.265
Tem_VU,296.4159,0.27
Tem_VU,296.42868,0.275
Tem_VU,296.44147,0.28
Tem_VU,296.4543,0.285
Tem_VU,296.46713,0.29
Tem_VU,296.47998,0.295
Tem_VU,296.49286,0.3
Tem_VU,296.5057,0.305
Tem_VU,296.51855,0.31
Tem_VU,296.53143,0.315
Tem_VU,296.54428,0.32
Tem_VU,296.5571,0.325
Tem_VU,296.56995,0.33
Tem_VU,296.58276,0.335
Tem_VU,296.59555,0.34
Tem_VU,296.60834,0.345
Tem_VU,296.6211,0.35
Tem_VU,296.63382,0.355
Tem_VU,296.6465,0.36
Tem_VU,296.6592,0.365
Tem_VU,296.67184,0.37
Tem_VU,296.68445,0.375
Tem_VU,296.69702,0.38
Tem_VU,296.70956,0.385
Tem_VU,296.72208,0.39
Tem_VU,296.73453,0.395
Tem_VU,296.74695,0.4
Tem_VU,296.7593,0.405
Tem_VU,296.7716,0.41
Tem_VU,296.78387,0.415
Tem_VU,296.79602,0.42
Tem_VU,296.8081,0.425
Tem_VU,296.8201,0.43
Tem_VU,296.83197,0.435
Tem_VU,296.84366,0.44
Tem_VU,296.85522,0.445
Tem_VU,296.86655,0.45
Tem_VU,296.87762,0.455
Tem_VU,296.88834,0.46
Tem_VU,296.89862,0.465
Tem_VU,296.90833,0.47
Tem_VU,296.91727,0.475
Tem_VU,296.92526,0.48
Tem_VU,296.9321,0.485
Tem_VU,296.9374,0.49
Tem_VU,296.9408,0.495
Tem_VU,296.9419,0.5
y_CO2_AD,0.3,0
y_CO2_AD,0.2997109,0.005
y_CO2_AD,0.29938632,0.01
y_CO2_AD,0.299026,0.015
y_CO2_AD,0.29862735,0.02
y_CO2_AD,0.2981936,0.025
y_CO2_AD,0.29772273,0.03
y_CO2_AD,0.2972178,0.035
y_CO2_AD,0.29667577,0.04
y_CO2_AD,0.29610014,0.045
y_CO2_AD,0.29548717,0.05
y_CO2_AD,0.29484105,0.055
y_CO2_AD,0.29415736,0.06
y_CO2_AD,0.2934411,0.065
y_CO2_AD,0.292687,0.07
y_CO2_AD,0.29190105,0.075
y_CO2_AD,0.29107717,0.08
y_CO2_AD,0.29022226,0.085
y_CO2_AD,0.2893293,0.09
y_CO2_AD,0.28840625,0.095
y_CO2_AD,0.28744516,0.1
y_CO2_AD,0.28645504,0.105
y_CO2_AD,0.28542686,0.11
y_CO2_AD,0.28437084,0.115
y_CO2_AD,0.28327674,0.12
y_CO2_AD,0.2821561,0.125
y_CO2_AD,0.2809975,0.13
y_CO2_AD,0.2798137,0.135
y_CO2_AD,0.2785919,0.14
y_CO2_AD,0.27734643,0.145
y_CO2_AD,0.27606314,0.15
y_CO2_AD,0.27475765,0.155
y_CO2_AD,0.2734144,0.16
y_CO2_AD,0.2720506,0.165
y_CO2_AD,0.27064914,0.17
y_CO2_AD,0.26922885,0.175
y_CO2_AD,0.2677711,0.18
y_CO2_AD,0.26629612,0.185
y_CO2_AD,0.26478377,0.19
y_CO2_AD,0.2632561,0.195
y_CO2_AD,0.26169136,0.2
y_CO2_AD,0.26011297,0.205
y_CO2_AD,0.25849754,0.21
y_CO2_AD,0.2568703,0.215
y_CO2_AD,0.25520635,0.22
y_CO2_AD,0.25353256,0.225
y_CO2_AD,0.25182202,0.23
y_CO2_AD,0.2501033,0.235
y_CO2_AD,0.24834812,0.24
y_CO2_AD,0.24658678,0.245
y_CO2_AD,0.2447892,0.25
y_CO2_AD,0.24298696,0.255
y_CO2_AD,0.2411484,0.26
y_CO2_AD,0.2393072,0.265
y_CO2_AD,0.2374302,0.27
y_CO2_AD,0.23555204,0.275
y_CO2_AD,0.23363765,0.28
y_CO2_AD,0.23172383,0.285
y_CO2_AD,0.22977465,0.29
y_CO2_AD,0.22782755,0.295
y_CO2_AD,0.22584417,0.3
y_CO2_AD,0.22386429,0.305
y_CO2_AD,0.22184962,0.31
y_CO2_AD,0.2198399,0.315
y_CO2_AD,0.21779355,0.32
y_CO2_AD,0.21575303,0.325
y_CO2_AD,0.21367872,0.33
y_CO2_AD,0.21161209,0.335
y_CO2_AD,0.2095082,0.34
y_CO2_AD,0.20741108,0.345
y_CO2_AD,0.20528176,0.35
y_CO2_AD,0.20316303,0.355
y_CO2_AD,0.20100677,0.36
y_CO2_AD,0.1988559,0.365
y_CO2_AD,0.19667476,0.37
y_CO2_AD,0.19450724,0.375
y_CO2_AD,0.19230388,0.38
y_CO2_AD,0.1901015,0.385
y_CO2_AD,0.1878703,0.39
y_CO2_AD,0.18565515,0.395
y_CO2_AD,0.18340975,0.4
y_CO2_AD,0.18115886,0.405
y_CO2_AD,0.17887883,0.41
y_CO2_AD,0.1766148,0.415
y_CO2_AD,0.17433037,0.42
y_CO2_AD,0.17203502,0.425
y_CO2_AD,0.1697089,0.43
y_CO2_AD,0.16739538,0.435
y_CO2_AD,0.16507247,0.44
y_CO2_AD,0.16273682,0.445
y_CO2_AD,0.1603662,0.45
y_CO2_AD,0.15800351,0.455
y_CO2_AD,0.1556414,0.46
y_CO2_AD,0.1532765,0.465
y_CO2_AD,0.15087119,0.47
y_CO2_AD,0.14846839,0.475
y_CO2_AD,0.14606941,0.48
y_CO2_AD,0.14365768,0.485
y_CO2_AD,0.1413215,0.49
y_CO2_AD,0.13852172,0.495
y_CO2_AD,0.13758846,0.5
y_CO2_BD,0.9894465,0
y_CO2_BD,0.9893923,0.005
y_CO2_BD,0.98922956,0.01
y_CO2_BD,0.9891317,0.015
y_CO2_BD,0.9889862,0.02
y_CO2_BD,0.9888668,0.025
y_CO2_BD,0.9887239,0.03
y_CO2_BD,0.98859185,0.035
y_CO2_BD,0.98844546,0.04
y_CO2_BD,0.988304,0.045
y_CO2_BD,0.9881515,0.05
y_CO2_BD,0.98800176,0.055
y_CO2_BD,0.9878418,0.06
y_CO2_BD,0.98768383,0.065
y_CO2_BD,0.9875156,0.07
y_CO2_BD,0.9873492,0.075
y_CO2_BD,0.9871722,0.08
y_CO2_BD,0.9869969,0.085
y_CO2_BD,0.9868104,0.09
y_CO2_BD,0.9866256,0.095
y_CO2_BD,0.9864289,0.1
y_CO2_BD,0.986234,0.105
y_CO2_BD,0.98602647,0.11
y_CO2_BD,0.9858207,0.115
y_CO2_BD,0.98560154,0.12
y_CO2_BD,0.9853841,0.125
y_CO2_BD,0.98515236,0.13
y_CO2_BD,0.9849224,0.135
y_CO2_BD,0.98467726,0.14
y_CO2_BD,0.9844338,0.145
y_CO2_BD,0.98417413,0.15
y_CO2_BD,0.9839163,0.155
y_CO2_BD,0.9836411,0.16
y_CO2_BD,0.98336774,0.165
y_CO2_BD,0.9830759,0.17
y_CO2_BD,0.98278606,0.175
y_CO2_BD,0.98247653,0.18
y_CO2_BD,0.982169,0.185
y_CO2_BD,0.98184043,0.19
y_CO2_BD,0.981514,0.195
y_CO2_BD,0.98116505,0.2
y_CO2_BD,0.9808182,0.205
y_CO2_BD,0.9804474,0.21
y_CO2_BD,0.98007864,0.215
y_CO2_BD,0.9796841,0.22
y_CO2_BD,0.9792917,0.225
y_CO2_BD,0.9788717,0.23
y_CO2_BD,0.97845376,0.235
y_CO2_BD,0.9780063,0.24
y_CO2_BD,0.9775609,0.245
y_CO2_BD,0.97708386,0.25
y_CO2_BD,0.9766089,0.255
y_CO2_BD,0.9760999,0.26
y_CO2_BD,0.97559303,0.265
y_CO2_BD,0.9750497,0.27
y_CO2_BD,0.97450835,0.275
y_CO2_BD,0.9739279,0.28
y_CO2_BD,0.9733495,0.285
y_CO2_BD,0.972729,0.29
y_CO2_BD,0.9721106,0.295
y_CO2_BD,0.971447,0.3
y_CO2_BD,0.9707855,0.305
y_CO2_BD,0.9700754,0.31
y_CO2_BD,0.96936744,0.315
y_CO2_BD,0.9686074,0.32
y_CO2_BD,0.96784955,0.325
y_CO2_BD,0.9670359,0.33
y_CO2_BD,0.96622455,0.335
y_CO2_BD,0.9653534,0.34
y_CO2_BD,0.964485,0.345
y_CO2_BD,0.96355265,0.35
y_CO2_BD,0.9626235,0.355
y_CO2_BD,0.96162635,0.36
y_CO2_BD,0.9606332,0.365
y_CO2_BD,0.959568,0.37
y_CO2_BD,0.95850813,0.375
y_CO2_BD,0.9573725,0.38
y_CO2_BD,0.9562441,0.385
y_CO2_BD,0.955037,0.39
y_CO2_BD,0.95384,0.395
y_CO2_BD,0.9525624,0.4
y_CO2_BD,0.9512993,0.405
y_CO2_BD,0.9499557,0.41
y_CO2_BD,0.9486329,0.415
y_CO2_BD,0.94723254,0.42
y_CO2_BD,0.94586223,0.425
y_CO2_BD,0.94442165,0.43
y_CO2_BD,0.94302416,0.435
y_CO2_BD,0.94157004,0.44
y_CO2_BD,0.94017726,0.445
y_CO2_BD,0.9387497,0.45
y_CO2_BD,0.93740803,0.455
y_CO2_BD,0.9360642,0.46
y_CO2_BD,0.93483776,0.465
y_CO2_BD,0.9336542,0.47
y_CO2_BD,0.93262637,0.475
y_CO2_BD,0.93169916,0.48
y_CO2_BD,0.9309692,0.485
y_CO2_BD,0.9304046,0.49
y_CO2_BD,0.93007153,0.495
y_CO2_BD,0.9299605,0.5
y_CO2_CD,0.7741197,0
y_CO2_CD,0.77397877,0.005
y_CO2_CD,0.7735561,0.01
y_CO2_CD,0.7728616,0.015
y_CO2_CD,0.7719058,0.02
y_CO2_CD,0.77069956,0.025
y_CO2_CD,0.7692517,0.03
y_CO2_CD,0.7675718,0.035
y_CO2_CD,0.7656665,0.04
y_CO2_CD,0.76354444,0.045
y_CO2_CD,0.7612106,0.05
y_CO2_CD,0.7586731,0.055
y_CO2_CD,0.7559355,0.06
y_CO2_CD,0.7530053,0.065
y_CO2_CD,0.74988544,0.07
y_CO2_CD,0.74658287,0.075
y_CO2_CD,0.74309963,0.08
y_CO2_CD,0.73944265,0.085
y_CO2_CD,0.7356132,0.09
y_CO2_CD,0.7316184,0.095
y_CO2_CD,0.72745913,0.1
y_CO2_CD,0.72314245,0.105
y_CO2_CD,0.71866894,0.11
y_CO2_CD,0.714046,0.115
y_CO2_CD,0.709274,0.12
y_CO2_CD,0.7043607,0.125
y_CO2_CD,0.6993064,0.13
y_CO2_CD,0.6941192,0.135
y_CO2_CD,0.68879956,0.14
y_CO2_CD,0.6833559,0.145
y_CO2_CD,0.6777888,0.15
y_CO2_CD,0.6721071,0.155
y_CO2_CD,0.6663116,0.16
y_CO2_CD,0.6604116,0.165
y_CO2_CD,0.6544079,0.17
y_CO2_CD,0.6483105,0.175
y_CO2_CD,0.6421201,0.18
y_CO2_CD,0.63584715,0.185
y_CO2_CD,0.6294926,0.19
y_CO2_CD,0.623067,0.195
y_CO2_CD,0.6165716,0.2
y_CO2_CD,0.6100171,0.205
y_CO2_CD,0.6034048,0.21
y_CO2_CD,0.59674555,0.215
y_CO2_CD,0.5900405,0.22
y_CO2_CD,0.5833007,0.225
y_CO2_CD,0.57652724,0.23
y_CO2_CD,0.5697309,0.235
y_CO2_CD,0.5629127,0.24
y_CO2_CD,0.5560834,0.245
y_CO2_CD,0.54924357,0.25
y_CO2_CD,0.5424038,0.255
y_CO2_CD,0.5355645,0.26
y_CO2_CD,0.52873564,0.265
y_CO2_CD,0.52191746,0.27
y_CO2_CD,0.51511955,0.275
y_CO2_CD,0.50834167,0.28
y_CO2_CD,0.50159293,0.285
y_CO2_CD,0.49487275,0.29
y_CO2_CD,0.48818967,0.295
y_CO2_CD,0.48154265,0.3
y_CO2_CD,0.47493976,0.305
y_CO2_CD,0.46837953,0.31
y_CO2_CD,0.46186942,0.315
y_CO2_CD,0.45540756,0.32
y_CO2_CD,0.44900087,0.325
y_CO2_CD,0.4426471,0.33
y_CO2_CD,0.43635267,0.335
y_CO2_CD,0.43011495,0.34
y_CO2_CD,0.4239399,0.345
y_CO2_CD,0.4178246,0.35
y_CO2_CD,0.4117746,0.355
y_CO2_CD,0.40578672,0.36
y_CO2_CD,0.3998663,0.365
y_CO2_CD,0.39401,0.37
y_CO2_CD,0.388223,0.375
y_CO2_CD,0.382502,0.38
y_CO2_CD,0.37685227,0.385
y_CO2_CD,0.37127072,0.39
y_CO2_CD,0.36576304,0.395
y_CO2_CD,0.36032674,0.4
y_CO2_CD,0.3549684,0.405
y_CO2_CD,0.3496866,0.41
y_CO2_CD,0.34448954,0.415
y_CO2_CD,0.33937764,0.42
y_CO2_CD,0.33436188,0.425
y_CO2_CD,0.3294457,0.43
y_CO2_CD,0.32464424,0.435
y_CO2_CD,0.3199659,0.44
y_CO2_CD,0.315432,0.445
y_CO2_CD,0.31105813,0.45
y_CO2_CD,0.3068745,0.455
y_CO2_CD,0.30290687,0.46
y_CO2_CD,0.29919723,0.465
y_CO2_CD,0.29578438,0.47
y_CO2_CD,0.29272446,0.475
y_CO2_CD,0.2900708,0.48
y_CO2_CD,0.28789273,0.485
y_CO2_CD,0.28625572,0.49
y_CO2_CD,0.28523442,0.495
y_CO2_CD,0.284894,0.5
y_CO2_FP,0.018497461,0
y_CO2_FP,0.018235538,0.005
y_CO2_FP,0.017449772,0.01
y_CO2_FP,0.016373707,0.015
y_CO2_FP,0.015315377,0.02
y_CO2_FP,0.014471158,0.025
y_CO2_FP,0.013860921,0.03
y_CO2_FP,0.013434879,0.035
y_CO2_FP,0.013138553,0.04
y_CO2_FP,0.01293249,0.045
y_CO2_FP,0.012784353,0.05
y_CO2_FP,0.012676729,0.055
y_CO2_FP,0.012594393,0.06
y_CO2_FP,0.012530934,0.065
y_CO2_FP,0.012478562,0.07
y_CO2_FP,0.012435745,0.075
y_CO2_FP,0.012398349,0.08
y_CO2_FP,0.012366503,0.085
y_CO2_FP,0.01233778,0.09
y_CO2_FP,0.01231298,0.095
y_CO2_FP,0.012290199,0.1
y_CO2_FP,0.01227023,0.105
y_CO2_FP,0.012251603,0.11
y_CO2_FP,0.012235202,0.115
y_CO2_FP,0.01221984,0.12
y_CO2_FP,0.012206351,0.125
y_CO2_FP,0.012193699,0.13
y_CO2_FP,0.012182658,0.135
y_CO2_FP,0.012172313,0.14
y_CO2_FP,0.012163393,0.145
y_CO2_FP,0.012155075,0.15
y_CO2_FP,0.012148042,0.155
y_CO2_FP,0.012141553,0.16
y_CO2_FP,0.012136258,0.165
y_CO2_FP,0.012131475,0.17
y_CO2_FP,0.012127824,0.175
y_CO2_FP,0.012124666,0.18
y_CO2_FP,0.012122589,0.185
y_CO2_FP,0.012120995,0.19
y_CO2_FP,0.012120456,0.195
y_CO2_FP,0.012120409,0.2
y_CO2_FP,0.012121406,0.205
y_CO2_FP,0.012122905,0.21
y_CO2_FP,0.012125443,0.215
y_CO2_FP,0.012128504,0.22
y_CO2_FP,0.012132621,0.225
y_CO2_FP,0.012137291,0.23
y_CO2_FP,0.01214304,0.235
y_CO2_FP,0.012149381,0.24
y_CO2_FP,0.012156838,0.245
y_CO2_FP,0.01216493,0.25
y_CO2_FP,0.012174191,0.255
y_CO2_FP,0.012184147,0.26
y_CO2_FP,0.012195329,0.265
y_CO2_FP,0.01220727,0.27
y_CO2_FP,0.01222052,0.275
y_CO2_FP,0.012234613,0.28
y_CO2_FP,0.012250109,0.285
y_CO2_FP,0.012266533,0.29
y_CO2_FP,0.012284473,0.295
y_CO2_FP,0.012303459,0.3
y_CO2_FP,0.012324101,0.305
y_CO2_FP,0.012345913,0.31
y_CO2_FP,0.012369541,0.315
y_CO2_FP,0.012394504,0.32
y_CO2_FP,0.012421484,0.325
y_CO2_FP,0.01244998,0.33
y_CO2_FP,0.012480726,0.335
y_CO2_FP,0.012513218,0.34
y_CO2_FP,0.012548263,0.345
y_CO2_FP,0.012585335,0.35
y_CO2_FP,0.012625309,0.355
y_CO2_FP,0.012667652,0.36
y_CO2_FP,0.012713358,0.365
y_CO2_FP,0.012761893,0.37
y_CO2_FP,0.01281436,0.375
y_CO2_FP,0.01287022,0.38
y_CO2_FP,0.012930754,0.385
y_CO2_FP,0.012995474,0.39
y_CO2_FP,0.013065912,0.395
y_CO2_FP,0.013141639,0.4
y_CO2_FP,0.013224524,0.405
y_CO2_FP,0.013314315,0.41
y_CO2_FP,0.013413509,0.415
y_CO2_FP,0.01352233,0.42
y_CO2_FP,0.013644422,0.425
y_CO2_FP,0.013781047,0.43
y_CO2_FP,0.013938133,0.435
y_CO2_FP,0.014119377,0.44
y_CO2_FP,0.01433556,0.445
y_CO2_FP,0.014596058,0.45
y_CO2_FP,0.014923059,0.455
y_CO2_FP,0.015342439,0.46
y_CO2_FP,0.015911903,0.465
y_CO2_FP,0.016714418,0.47
y_CO2_FP,0.01791833,0.475
y_CO2_FP,0.019765195,0.48
y_CO2_FP,0.022694927,0.485
y_CO2_FP,0.027299691,0.49
y_CO2_FP,0.034603175,0.495
y_CO2_FP,0.04592711,0.5
y_CO2_VU,1.0000001,0
y_CO2_VU,1.0000001,0.005
y_CO2_VU,1,0.01
y_CO2_VU,1,0.015
y_CO2_VU,1,0.02
y_CO2_VU,1,0.025
y_CO2_VU,1,0.03
y_CO2_VU,1,0.035
y_CO2_VU,1,0.04
y_CO2_VU,1,0.045
y_CO2_VU,1,0.05
y_CO2_VU,1,0.055
y_CO2_VU,1,0.06
y_CO2_VU,1,0.065
y_CO2_VU,1,0.07
y_CO2_VU,1,0.075
y_CO2_VU,1,0.08
y_CO2_VU,1,0.085
y_CO2_VU,1,0.09
y_CO2_VU,1,0.095
y_CO2_VU,1,0.1
y_CO2_VU,1,0.105
y_CO2_VU,1,0.11
y_CO2_VU,1,0.115
y_CO2_VU,1,0.12
y_CO2_VU,1,0.125
y_CO2_VU,1,0.13
y_CO2_VU,1,0.135
y_CO2_VU,1,0.14
y_CO2_VU,1,0.145
y_CO2_VU,1,0.15
y_CO2_VU,1,0.155
y_CO2_VU,1,0.16
y_CO2_VU,1,0.165
y_CO2_VU,1,0.17
y_CO2_VU,1,0.175
y_CO2_VU,1,0.18
y_CO2_VU,1,0.185
y_CO2_VU,1,0.19
y_CO2_VU,1,0.195
y_CO2_VU,1,0.2
y_CO2_VU,1,0.205
y_CO2_VU,1,0.21
y_CO2_VU,1,0.215
y_CO2_VU,1,0.22
y_CO2_VU,1,0.225
y_CO2_VU,1,0.23
y_CO2_VU,1,0.235
y_CO2_VU,1,0.24
y_CO2_VU,1,0.245
y_CO2_VU,1,0.25
y_CO2_VU,1,0.255
y_CO2_VU,1,0.26
y_CO2_VU,1,0.265
y_CO2_VU,1,0.27
y_CO2_VU,1,0.275
y_CO2_VU,1,0.28
y_CO2_VU,1,0.285
y_CO2_VU,1,0.29
y_CO2_VU,1,0.295
y_CO2_VU,1,0.3
y_CO2_VU,1,0.305
y_CO2_VU,1,0.31
y_CO2_VU,1,0.315
y_CO2_VU,1,0.32
y_CO2_VU,1,0.325
y_CO2_VU,1,0.33
y_CO2_VU,1,0.335
y_CO2_VU,1,0.34
y_CO2_VU,1,0.345
y_CO2_VU,1,0.35
y_CO2_VU,1,0.355
y_CO2_VU,1,0.36
y_CO2_VU,1,0.365
y_CO2_VU,1,0.37
y_CO2_VU,1,0.375
y_CO2_VU,1,0.38
y_CO2_VU,1,0.385
y_CO2_VU,1,0.39
y_CO2_VU,1,0.395
y_CO2_VU,1,0.4
y_CO2_VU,1,0.405
y_CO2_VU,1,0.41
y_CO2_VU,1,0.415
y_CO2_VU,1,0.42
y_CO2_VU,1,0.425
y_CO2_VU,1,0.43
y_CO2_VU,1,0.435
y_CO2_VU,1,0.44
y_CO2_VU,1,0.445
y_CO2_VU,1,0.45
y_CO2_VU,1,0.455
y_CO2_VU,1,0.46
y_CO2_VU,1,0.465
y_CO2_VU,1,0.47
y_CO2_VU,1,0.475
y_CO2_VU,1,0.48
y_CO2_VU,1,0.485
y_CO2_VU,1,0.49
y_CO2_VU,1,0.495
y_CO2_VU,1,0.5
y_H2_AD,0.7,0
y_H2_AD,0.7002891,0.005
y_H2_AD,0.7006137,0.01
y_H2_AD,0.700974,0.015
y_H2_AD,0.7013726,0.02
y_H2_AD,0.7018064,0.025
y_H2_AD,0.7022773,0.03
y_H2_AD,0.7027822,0.035
y_H2_AD,0.70332426,0.04
y_H2_AD,0.70389986,0.045
y_H2_AD,0.70451283,0.05
y_H2_AD,0.70515895,0.055
y_H2_AD,0.7058427,0.06
y_H2_AD,0.70655894,0.065
y_H2_AD,0.707313,0.07
y_H2_AD,0.70809895,0.075
y_H2_AD,0.7089228,0.08
y_H2_AD,0.7097778,0.085
y_H2_AD,0.7106707,0.09
y_H2_AD,0.71159375,0.095
y_H2_AD,0.7125549,0.1
y_H2_AD,0.71354496,0.105
y_H2_AD,0.71457314,0.11
y_H2_AD,0.71562916,0.115
y_H2_AD,0.71672326,0.12
y_H2_AD,0.7178439,0.125
y_H2_AD,0.7190025,0.13
y_H2_AD,0.7201863,0.135
y_H2_AD,0.72140807,0.14
y_H2_AD,0.72265357,0.145
y_H2_AD,0.72393686,0.15
y_H2_AD,0.7252423,0.155
y_H2_AD,0.72658557,0.16
y_H2_AD,0.72794944,0.165
y_H2_AD,0.72935086,0.17
y_H2_AD,0.7307711,0.175
y_H2_AD,0.73222893,0.18
y_H2_AD,0.73370385,0.185
y_H2_AD,0.7352162,0.19
y_H2_AD,0.73674387,0.195
y_H2_AD,0.73830867,0.2
y_H2_AD,0.739887,0.205
y_H2_AD,0.74150246,0.21
y_H2_AD,0.74312973,0.215
y_H2_AD,0.74479365,0.22
y_H2_AD,0.7464675,0.225
y_H2_AD,0.74817795,0.23
y_H2_AD,0.7498967,0.235
y_H2_AD,0.7516519,0.24
y_H2_AD,0.7534132,0.245
y_H2_AD,0.7552108,0.25
y_H2_AD,0.757013,0.255
y_H2_AD,0.7588516,0.26
y_H2_AD,0.76069283,0.265
y_H2_AD,0.7625698,0.27
y_H2_AD,0.764448,0.275
y_H2_AD,0.76636237,0.28
y_H2_AD,0.76827615,0.285
y_H2_AD,0.77022535,0.29
y_H2_AD,0.77217245,0.295
y_H2_AD,0.77415586,0.3
y_H2_AD,0.7761357,0.305
y_H2_AD,0.7781504,0.31
y_H2_AD,0.7801601,0.315
y_H2_AD,0.7822064,0.32
y_H2_AD,0.784247,0.325
y_H2_AD,0.7863213,0.33
y_H2_AD,0.7883879,0.335
y_H2_AD,0.7904918,0.34
y_H2_AD,0.7925889,0.345
y_H2_AD,0.7947182,0.35
y_H2_AD,0.796837,0.355
y_H2_AD,0.79899323,0.36
y_H2_AD,0.8011441,0.365
y_H2_AD,0.80332524,0.37
y_H2_AD,0.80549276,0.375
y_H2_AD,0.8076961,0.38
y_H2_AD,0.8098985,0.385
y_H2_AD,0.8121297,0.39
y_H2_AD,0.8143448,0.395
y_H2_AD,0.81659025,0.4
y_H2_AD,0.81884116,0.405
y_H2_AD,0.82112116,0.41
y_H2_AD,0.8233852,0.415
y_H2_AD,0.82566965,0.42
y_H2_AD,0.82796496,0.425
y_H2_AD,0.8302911,0.43
y_H2_AD,0.83260465,0.435
y_H2_AD,0.8349275,0.44
y_H2_AD,0.83726317,0.445
y_H2_AD,0.8396338,0.45
y_H2_AD,0.8419965,0.455
y_H2_AD,0.8443586,0.46
y_H2_AD,0.8467235,0.465
y_H2_AD,0.8491288,0.47
y_H2_AD,0.8515316,0.475
y_H2_AD,0.8539306,0.48
y_H2_AD,0.8563423,0.485
y_H2_AD,0.8586785,0.49
y_H2_AD,0.86147827,0.495
y_H2_AD,0.86241156,0.5
y_H2_BD,0.010553489,0
y_H2_BD,0.010607721,0.005
y_H2_BD,0.010770416,0.01
y_H2_BD,0.010868308,0.015
y_H2_BD,0.011013811,0.02
y_H2_BD,0.011133174,0.025
y_H2_BD,0.011276128,0.03
y_H2_BD,0.011408124,0.035
y_H2_BD,0.011554563,0.04
y_H2_BD,0.011695955,0.045
y_H2_BD,0.011848502,0.05
y_H2_BD,0.011998244,0.055
y_H2_BD,0.012158232,0.06
y_H2_BD,0.012316166,0.065
y_H2_BD,0.012484371,0.07
y_H2_BD,0.012650759,0.075
y_H2_BD,0.012827808,0.08
y_H2_BD,0.013003106,0.085
y_H2_BD,0.013189636,0.09
y_H2_BD,0.013374412,0.095
y_H2_BD,0.013571078,0.1
y_H2_BD,0.013765981,0.105
y_H2_BD,0.01397351,0.11
y_H2_BD,0.014179268,0.115
y_H2_BD,0.014398466,0.12
y_H2_BD,0.014615883,0.125
y_H2_BD,0.014847612,0.13
y_H2_BD,0.015077561,0.135
y_H2_BD,0.015322767,0.14
y_H2_BD,0.015566181,0.145
y_H2_BD,0.015825864,0.15
y_H2_BD,0.01608373,0.155
y_H2_BD,0.016358932,0.16
y_H2_BD,0.01663227,0.165
y_H2_BD,0.016924074,0.17
y_H2_BD,0.017213948,0.175
y_H2_BD,0.01752349,0.18
y_H2_BD,0.017831037,0.185
y_H2_BD,0.018159559,0.19
y_H2_BD,0.01848604,0.195
y_H2_BD,0.018834936,0.2
y_H2_BD,0.019181777,0.205
y_H2_BD,0.019552605,0.21
y_H2_BD,0.01992139,0.215
y_H2_BD,0.020315874,0.22
y_H2_BD,0.020708317,0.225
y_H2_BD,0.021128297,0.23
y_H2_BD,0.021546239,0.235
y_H2_BD,0.02199369,0.24
y_H2_BD,0.022439096,0.245
y_H2_BD,0.022916144,0.25
y_H2_BD,0.023391142,0.255
y_H2_BD,0.023900092,0.26
y_H2_BD,0.024406994,0.265
y_H2_BD,0.024950339,0.27
y_H2_BD,0.02549165,0.275
y_H2_BD,0.026072094,0.28
y_H2_BD,0.02665051,0.285
y_H2_BD,0.027270967,0.29
y_H2_BD,0.027889395,0.295
y_H2_BD,0.028552987,0.3
y_H2_BD,0.02921453,0.305
y_H2_BD,0.029924583,0.31
y_H2_BD,0.03063254,0.315
y_H2_BD,0.03139258,0.32
y_H2_BD,0.03215042,0.325
y_H2_BD,0.03296412,0.33
y_H2_BD,0.03377544,0.335
y_H2_BD,0.034646578,0.34
y_H2_BD,0.03551502,0.345
y_H2_BD,0.036447372,0.35
y_H2_BD,0.037376504,0.355
y_H2_BD,0.03837367,0.36
y_H2_BD,0.039366804,0.365
y_H2_BD,0.040431995,0.37
y_H2_BD,0.041491877,0.375
y_H2_BD,0.042627495,0.38
y_H2_BD,0.043755867,0.385
y_H2_BD,0.044963006,0.39
y_H2_BD,0.046159986,0.395
y_H2_BD,0.04743758,0.4
y_H2_BD,0.048700668,0.405
y_H2_BD,0.050044306,0.41
y_H2_BD,0.05136709,0.415
y_H2_BD,0.05276746,0.42
y_H2_BD,0.054137792,0.425
y_H2_BD,0.055578377,0.43
y_H2_BD,0.056975823,0.435
y_H2_BD,0.058429964,0.44
y_H2_BD,0.059822753,0.445
y_H2_BD,0.061250307,0.45
y_H2_BD,0.06259199,0.455
y_H2_BD,0.06393583,0.46
y_H2_BD,0.065162264,0.465
y_H2_BD,0.0663458,0.47
y_H2_BD,0.067373626,0.475
y_H2_BD,0.06830084,0.48
y_H2_BD,0.069030836,0.485
y_H2_BD,0.06959539,0.49
y_H2_BD,0.06992848,0.495
y_H2_BD,0.07003951,0.5
y_H2_CD,0.22588035,0
y_H2_CD,0.22602125,0.005
y_H2_CD,0.22644392,0.01
y_H2_CD,0.22713843,0.015
y_H2_CD,0.22809425,0.02
y_H2_CD,0.22930044,0.025
y_H2_CD,0.23074828,0.03
y_H2_CD,0.2324282,0.035
y_H2_CD,0.2343335,0.04
y_H2_CD,0.23645559,0.045
y_H2_CD,0.23878936,0.05
y_H2_CD,0.24132696,0.055
y_H2_CD,0.24406452,0.06
y_H2_CD,0.24699466,0.065
y_H2_CD,0.25011456,0.07
y_H2_CD,0.25341713,0.075
y_H2_CD,0.25690037,0.08
y_H2_CD,0.26055738,0.085
y_H2_CD,0.26438677,0.09
y_H2_CD,0.26838157,0.095
y_H2_CD,0.27254087,0.1
y_H2_CD,0.27685755,0.105
y_H2_CD,0.28133106,0.11
y_H2_CD,0.28595403,0.115
y_H2_CD,0.29072598,0.12
y_H2_CD,0.2956393,0.125
y_H2_CD,0.30069357,0.13
y_H2_CD,0.30588076,0.135
y_H2_CD,0.31120044,0.14
y_H2_CD,0.31664407,0.145
y_H2_CD,0.3222112,0.15
y_H2_CD,0.32789287,0.155
y_H2_CD,0.3336884,0.16
y_H2_CD,0.3395884,0.165
y_H2_CD,0.34559205,0.17
y_H2_CD,0.35168955,0.175
y_H2_CD,0.35787988,0.18
y_H2_CD,0.36415288,0.185
y_H2_CD,0.37050742,0.19
y_H2_CD,0.37693298,0.195
y_H2_CD,0.3834284,0.2
y_H2_CD,0.38998288,0.205
y_H2_CD,0.3965952,0.21
y_H2_CD,0.40325448,0.215
y_H2_CD,0.40995947,0.22
y_H2_CD,0.4166993,0.225
y_H2_CD,0.4234728,0.23
y_H2_CD,0.43026912,0.235
y_H2_CD,0.4370873,0.24
y_H2_CD,0.44391665,0.245
y_H2_CD,0.4507564,0.25
y_H2_CD,0.4575962,0.255
y_H2_CD,0.46443555,0.26
y_H2_CD,0.47126436,0.265
y_H2_CD,0.47808254,0.27
y_H2_CD,0.48488045,0.275
y_H2_CD,0.49165833,0.28
y_H2_CD,0.49840707,0.285
y_H2_CD,0.50512725,0.29
y_H2_CD,0.51181036,0.295
y_H2_CD,0.51845735,0.3
y_H2_CD,0.52506024,0.305
y_H2_CD,0.53162044,0.31
y_H2_CD,0.5381306,0.315
y_H2_CD,0.54459244,0.32
y_H2_CD,0.5509991,0.325
y_H2_CD,0.5573529,0.33
y_H2_CD,0.56364733,0.335
y_H2_CD,0.569885,0.34
y_H2_CD,0.5760601,0.345
y_H2_CD,0.5821754,0.35
y_H2_CD,0.5882254,0.355
y_H2_CD,0.59421325,0.36
y_H2_CD,0.6001337,0.365
y_H2_CD,0.60599,0.37
y_H2_CD,0.611777,0.375
y_H2_CD,0.617498,0.38
y_H2_CD,0.6231477,0.385
y_H2_CD,0.6287293,0.39
y_H2_CD,0.63423693,0.395
y_H2_CD,0.63967323,0.4
y_H2_CD,0.6450316,0.405
y_H2_CD,0.65031344,0.41
y_H2_CD,0.6555105,0.415
y_H2_CD,0.66062236,0.42
y_H2_CD,0.66563815,0.425
y_H2_CD,0.6705543,0.43
y_H2_CD,0.67535573,0.435
y_H2_CD,0.6800341,0.44
y_H2_CD,0.684568,0.445
y_H2_CD,0.68894184,0.45
y_H2_CD,0.6931255,0.455
y_H2_CD,0.6970931,0.46
y_H2_CD,0.7008028,0.465
y_H2_CD,0.7042156,0.47
y_H2_CD,0.70727557,0.475
y_H2_CD,0.70992917,0.48
y_H2_CD,0.7121073,0.485
y_H2_CD,0.7137443,0.49
y_H2_CD,0.7147656,0.495
y_H2_CD,0.715106,0.5
y_H2_FP,0.98150253,0
y_H2_FP,0.98176444,0.005
y_H2_FP,0.9825502,0.01
y_H2_FP,0.9836263,0.015
y_H2_FP,0.98468465,0.02
y_H2_FP,0.9855288,0.025
y_H2_FP,0.98613906,0.03
y_H2_FP,0.9865651,0.035
y_H2_FP,0.98686147,0.04
y_H2_FP,0.9870675,0.045
y_H2_FP,0.98721564,0.05
y_H2_FP,0.9873233,0.055
y_H2_FP,0.9874056,0.06
y_H2_FP,0.9874691,0.065
y_H2_FP,0.9875214,0.07
y_H2_FP,0.98756427,0.075
y_H2_FP,0.98760164,0.08
y_H2_FP,0.9876335,0.085
y_H2_FP,0.9876622,0.09
y_H2_FP,0.987687,0.095
y_H2_FP,0.9877098,0.1
y_H2_FP,0.9877298,0.105
y_H2_FP,0.9877484,0.11
y_H2_FP,0.9877648,0.115
y_H2_FP,0.98778015,0.12
y_H2_FP,0.9877936,0.125
y_H2_FP,0.9878063,0.13
y_H2_FP,0.98781735,0.135
y_H2_FP,0.98782766,0.14
y_H2_FP,0.9878366,0.145
y_H2_FP,0.98784494,0.15
y_H2_FP,0.987852,0.155
y_H2_FP,0.9878585,0.16
y_H2_FP,0.9878637,0.165
y_H2_FP,0.98786855,0.17
y_H2_FP,0.9878722,0.175
y_H2_FP,0.98787534,0.18
y_H2_FP,0.9878774,0.185
y_H2_FP,0.987879,0.19
y_H2_FP,0.9878795,0.195
y_H2_FP,0.9878796,0.2
y_H2_FP,0.9878786,0.205
y_H2_FP,0.9878771,0.21
y_H2_FP,0.98787457,0.215
y_H2_FP,0.98787147,0.22
y_H2_FP,0.98786736,0.225
y_H2_FP,0.9878627,0.23
y_H2_FP,0.987857,0.235
y_H2_FP,0.9878506,0.24
y_H2_FP,0.98784316,0.245
y_H2_FP,0.98783505,0.25
y_H2_FP,0.9878258,0.255
y_H2_FP,0.98781586,0.26
y_H2_FP,0.98780465,0.265
y_H2_FP,0.98779273,0.27
y_H2_FP,0.9877795,0.275
y_H2_FP,0.9877654,0.28
y_H2_FP,0.9877499,0.285
y_H2_FP,0.9877335,0.29
y_H2_FP,0.98771554,0.295
y_H2_FP,0.9876965,0.3
y_H2_FP,0.9876759,0.305
y_H2_FP,0.9876541,0.31
y_H2_FP,0.9876305,0.315
y_H2_FP,0.9876055,0.32
y_H2_FP,0.9875785,0.325
y_H2_FP,0.98755,0.33
y_H2_FP,0.98751926,0.335
y_H2_FP,0.9874868,0.34
y_H2_FP,0.98745173,0.345
y_H2_FP,0.98741466,0.35
y_H2_FP,0.98737466,0.355
y_H2_FP,0.98733234,0.36
y_H2_FP,0.9872866,0.365
y_H2_FP,0.9872381,0.37
y_H2_FP,0.98718566,0.375
y_H2_FP,0.9871298,0.38
y_H2_FP,0.98706925,0.385
y_H2_FP,0.9870045,0.39
y_H2_FP,0.98693407,0.395
y_H2_FP,0.98685837,0.4
y_H2_FP,0.98677546,0.405
y_H2_FP,0.9866857,0.41
y_H2_FP,0.9865865,0.415
y_H2_FP,0.9864777,0.42
y_H2_FP,0.9863556,0.425
y_H2_FP,0.9862189,0.43
y_H2_FP,0.9860619,0.435
y_H2_FP,0.9858806,0.44
y_H2_FP,0.9856644,0.445
y_H2_FP,0.98540395,0.45
y_H2_FP,0.98507696,0.455
y_H2_FP,0.9846576,0.46
y_H2_FP,0.9840881,0.465
y_H2_FP,0.9832856,0.47
y_H2_FP,0.98208165,0.475
y_H2_FP,0.9802348,0.48
y_H2_FP,0.97730505,0.485
y_H2_FP,0.9727003,0.49
y_H2_FP,0.9653968,0.495
y_H2_FP,0.9540729,0.5
y_H2_VU,-1.28E-07,0
y_H2_VU,-1.04E-07,0.005
y_H2_VU,-3.14E-08,0.01
y_H2_VU,-4.13E-09,0.015
y_H2_VU,2.92E-10,0.02
y_H2_VU,-1.35E-08,0.025
y_H2_VU,1.86E-09,0.03
y_H2_VU,-1.53E-08,0.035
y_H2_VU,-6.39E-10,0.04
y_H2_VU,-1.38E-08,0.045
y_H2_VU,-4.20E-09,0.05
y_H2_VU,-9.62E-09,0.055
y_H2_VU,-1.18E-08,0.06
y_H2_VU,-7.63E-10,0.065
y_H2_VU,-1.94E-08,0.07
y_H2_VU,5.17E-09,0.075
y_H2_VU,-2.09E-08,0.08
y_H2_VU,6.56E-09,0.085
y_H2_VU,-1.93E-08,0.09
y_H2_VU,6.93E-09,0.095
y_H2_VU,-1.69E-08,0.1
y_H2_VU,5.31E-09,0.105
y_H2_VU,-1.16E-08,0.11
y_H2_VU,-6.97E-11,0.115
y_H2_VU,-3.99E-09,0.12
y_H2_VU,-6.53E-09,0.125
y_H2_VU,2.12E-09,0.13
y_H2_VU,-1.04E-08,0.135
y_H2_VU,4.55E-09,0.14
y_H2_VU,-1.09E-08,0.145
y_H2_VU,4.02E-09,0.15
y_H2_VU,-9.11E-09,0.155
y_H2_VU,2.04E-09,0.16
y_H2_VU,-6.28E-09,0.165
y_H2_VU,-7.05E-11,0.17
y_H2_VU,-3.59E-09,0.175
y_H2_VU,-1.35E-09,0.18
y_H2_VU,-1.80E-09,0.185
y_H2_VU,-1.55E-09,0.19
y_H2_VU,-9.49E-10,0.195
y_H2_VU,-1.09E-09,0.2
y_H2_VU,-5.51E-10,0.205
y_H2_VU,-5.35E-10,0.21
y_H2_VU,-2.13E-10,0.215
y_H2_VU,-1.48E-10,0.22
y_H2_VU,1.39E-10,0.225
y_H2_VU,1.15E-10,0.23
y_H2_VU,4.06E-10,0.235
y_H2_VU,3.47E-10,0.24
y_H2_VU,5.33E-10,0.245
y_H2_VU,5.33E-10,0.25
y_H2_VU,5.70E-10,0.255
y_H2_VU,6.11E-10,0.26
y_H2_VU,5.75E-10,0.265
y_H2_VU,5.76E-10,0.27
y_H2_VU,5.47E-10,0.275
y_H2_VU,4.92E-10,0.28
y_H2_VU,4.66E-10,0.285
y_H2_VU,4.01E-10,0.29
y_H2_VU,3.52E-10,0.295
y_H2_VU,3.03E-10,0.3
y_H2_VU,2.41E-10,0.305
y_H2_VU,1.99E-10,0.31
y_H2_VU,1.48E-10,0.315
y_H2_VU,1.06E-10,0.32
y_H2_VU,7.36E-11,0.325
y_H2_VU,3.91E-11,0.33
y_H2_VU,2.12E-11,0.335
y_H2_VU,-2.08E-12,0.34
y_H2_VU,-9.27E-12,0.345
y_H2_VU,-2.07E-11,0.35
y_H2_VU,-2.23E-11,0.355
y_H2_VU,-2.29E-11,0.36
y_H2_VU,-2.26E-11,0.365
y_H2_VU,-1.74E-11,0.37
y_H2_VU,-1.50E-11,0.375
y_H2_VU,-1.01E-11,0.38
y_H2_VU,-6.13E-12,0.385
y_H2_VU,-3.13E-12,0.39
y_H2_VU,-3.11E-13,0.395
y_H2_VU,2.00E-12,0.4
y_H2_VU,2.52E-12,0.405
y_H2_VU,3.98E-12,0.41
y_H2_VU,3.92E-12,0.415
y_H2_VU,3.64E-12,0.42
y_H2_VU,4.01E-12,0.425
y_H2_VU,3.21E-12,0.43
y_H2_VU,2.92E-12,0.435
y_H2_VU,2.94E-12,0.44
y_H2_VU,2.32E-12,0.445
y_H2_VU,2.14E-12,0.45
y_H2_VU,2.18E-12,0.455
y_H2_VU,1.88E-12,0.46
y_H2_VU,1.66E-12,0.465
y_H2_VU,1.59E-12,0.47
y_H2_VU,1.53E-12,0.475
y_H2_VU,1.45E-12,0.48
y_H2_VU,1.39E-12,0.485
y_H2_VU,1.35E-12,0.49
y_H2_VU,1.33E-12,0.495
y_H2_VU,1.33E-12,0.5
